,ASVid,Kingdom,Phylum,Class,Order,Family,Genus,Species
1,ASV_1,Bacteria,Firmicutes,Bacilli,Lactobacillales,Lactobacillaceae,Lactobacillus,NA
2,ASV_2,Bacteria,Firmicutes,Bacilli,Lactobacillales,Lactobacillaceae,Lactobacillus,NA
3,ASV_3,Bacteria,Firmicutes,Bacilli,Lactobacillales,Lactobacillaceae,Lactobacillus,NA
4,ASV_4,Bacteria,Firmicutes,Bacilli,Lactobacillales,Lactobacillaceae,Lactobacillus,NA
5,ASV_5,Bacteria,Firmicutes,Bacilli,Lactobacillales,Lactobacillaceae,Lactobacillus,NA
6,ASV_6,Bacteria,Firmicutes,Bacilli,Lactobacillales,Lactobacillaceae,Lactobacillus,NA
7,ASV_7,Bacteria,Firmicutes,Bacilli,Lactobacillales,Lactobacillaceae,Lactobacillus,NA
8,ASV_8,Bacteria,Firmicutes,Bacilli,Lactobacillales,Lactobacillaceae,Lactobacillus,NA
9,ASV_9,Bacteria,Firmicutes,Bacilli,Lactobacillales,Lactobacillaceae,Lactobacillus,NA
10,ASV_10,Bacteria,Firmicutes,Bacilli,Lactobacillales,Lactobacillaceae,Lactobacillus,NA
11,ASV_11,Bacteria,Firmicutes,Bacilli,Lactobacillales,Lactobacillaceae,Lactobacillus,NA
12,ASV_12,Bacteria,Firmicutes,Bacilli,Lactobacillales,Lactobacillaceae,Lactobacillus,NA
13,ASV_13,Bacteria,Firmicutes,Bacilli,Lactobacillales,Lactobacillaceae,Lactobacillus,NA
14,ASV_14,Bacteria,Firmicutes,Bacilli,Lactobacillales,Lactobacillaceae,Lactobacillus,NA
15,ASV_15,Bacteria,Firmicutes,Bacilli,Lactobacillales,Lactobacillaceae,Lactobacillus,NA
16,ASV_16,Bacteria,Firmicutes,Bacilli,Lactobacillales,Lactobacillaceae,Lactobacillus,NA
17,ASV_17,Bacteria,Firmicutes,Bacilli,Lactobacillales,Lactobacillaceae,Lactobacillus,NA
18,ASV_18,Bacteria,Firmicutes,Bacilli,Lactobacillales,Lactobacillaceae,Lactobacillus,NA
19,ASV_19,Bacteria,Firmicutes,Bacilli,Lactobacillales,Lactobacillaceae,Lactobacillus,NA
20,ASV_20,Bacteria,Firmicutes,Bacilli,Lactobacillales,Lactobacillaceae,Lactobacillus,NA
21,ASV_21,Bacteria,Firmicutes,Bacilli,Lactobacillales,Lactobacillaceae,Lactobacillus,NA
22,ASV_22,Bacteria,Firmicutes,Bacilli,Lactobacillales,Lactobacillaceae,Lactobacillus,NA
23,ASV_23,Bacteria,Firmicutes,Bacilli,Lactobacillales,Lactobacillaceae,Lactobacillus,NA
24,ASV_24,Bacteria,Firmicutes,Bacilli,Lactobacillales,Lactobacillaceae,Lactobacillus,NA
25,ASV_25,Bacteria,Firmicutes,Bacilli,Lactobacillales,Lactobacillaceae,Lactobacillus,NA
26,ASV_26,Bacteria,Firmicutes,Bacilli,Lactobacillales,Lactobacillaceae,Lactobacillus,NA
27,ASV_27,Bacteria,Firmicutes,Bacilli,Lactobacillales,Lactobacillaceae,Lactobacillus,NA
28,ASV_28,Bacteria,Firmicutes,Bacilli,Lactobacillales,Lactobacillaceae,Lactobacillus,NA
29,ASV_29,Bacteria,Firmicutes,Bacilli,Lactobacillales,Lactobacillaceae,Lactobacillus,NA
30,ASV_30,Bacteria,Firmicutes,Bacilli,Lactobacillales,Lactobacillaceae,Lactobacillus,NA
31,ASV_31,Bacteria,Firmicutes,Bacilli,Lactobacillales,Lactobacillaceae,Lactobacillus,NA
32,ASV_32,Bacteria,Firmicutes,Bacilli,Lactobacillales,Lactobacillaceae,Lactobacillus,NA
33,ASV_33,Bacteria,Firmicutes,Bacilli,Lactobacillales,Lactobacillaceae,Lactobacillus,NA
34,ASV_34,Bacteria,Firmicutes,Bacilli,Lactobacillales,Lactobacillaceae,Lactobacillus,NA
35,ASV_35,Bacteria,Firmicutes,Bacilli,Lactobacillales,Lactobacillaceae,Lactobacillus,NA
36,ASV_36,Bacteria,Firmicutes,Bacilli,Lactobacillales,Lactobacillaceae,Lactobacillus,NA
37,ASV_37,Bacteria,Firmicutes,Bacilli,Lactobacillales,Lactobacillaceae,Lactobacillus,NA
38,ASV_38,Bacteria,Firmicutes,Bacilli,Lactobacillales,Lactobacillaceae,Lactobacillus,NA
39,ASV_39,Bacteria,Firmicutes,Bacilli,Lactobacillales,Lactobacillaceae,Lactobacillus,NA
40,ASV_40,Bacteria,Firmicutes,Bacilli,Lactobacillales,Lactobacillaceae,Lactobacillus,NA
41,ASV_41,Bacteria,Firmicutes,Bacilli,Lactobacillales,Lactobacillaceae,Lactobacillus,NA
42,ASV_42,Bacteria,Firmicutes,Bacilli,Lactobacillales,Lactobacillaceae,Lactobacillus,NA
43,ASV_43,Bacteria,Firmicutes,Bacilli,Lactobacillales,Lactobacillaceae,Lactobacillus,NA
44,ASV_44,Bacteria,Firmicutes,Bacilli,Lactobacillales,Lactobacillaceae,Lactobacillus,NA
45,ASV_45,Bacteria,Firmicutes,Bacilli,Lactobacillales,Lactobacillaceae,Lactobacillus,NA
46,ASV_46,Bacteria,Firmicutes,Bacilli,Lactobacillales,Lactobacillaceae,Lactobacillus,NA
47,ASV_47,Bacteria,Firmicutes,Bacilli,Lactobacillales,Lactobacillaceae,Lactobacillus,NA
48,ASV_48,Bacteria,Firmicutes,Bacilli,Lactobacillales,Lactobacillaceae,Lactobacillus,NA
49,ASV_49,Bacteria,Firmicutes,Bacilli,Lactobacillales,Lactobacillaceae,Lactobacillus,NA
50,ASV_50,Bacteria,Firmicutes,Bacilli,Lactobacillales,Lactobacillaceae,Lactobacillus,NA
51,ASV_51,Bacteria,Firmicutes,Bacilli,Lactobacillales,Lactobacillaceae,Lactobacillus,NA
52,ASV_52,Bacteria,Firmicutes,Bacilli,Lactobacillales,Lactobacillaceae,Lactobacillus,NA
53,ASV_53,Bacteria,Firmicutes,Bacilli,Lactobacillales,Lactobacillaceae,Lactobacillus,NA
54,ASV_54,Bacteria,Firmicutes,Bacilli,Lactobacillales,Lactobacillaceae,Lactobacillus,NA
55,ASV_55,Bacteria,Firmicutes,Bacilli,Lactobacillales,Lactobacillaceae,Lactobacillus,NA
56,ASV_56,Bacteria,Firmicutes,Bacilli,Lactobacillales,Lactobacillaceae,Lactobacillus,NA
57,ASV_57,Bacteria,Firmicutes,Bacilli,Lactobacillales,Lactobacillaceae,Lactobacillus,NA
58,ASV_58,Bacteria,Firmicutes,Bacilli,Lactobacillales,Lactobacillaceae,Lactobacillus,NA
59,ASV_59,Bacteria,Firmicutes,Bacilli,Lactobacillales,Lactobacillaceae,Lactobacillus,NA
60,ASV_60,Bacteria,Firmicutes,Bacilli,Lactobacillales,Lactobacillaceae,Lactobacillus,NA
61,ASV_61,Bacteria,Firmicutes,Bacilli,Lactobacillales,Lactobacillaceae,Lactobacillus,NA
62,ASV_62,Bacteria,Firmicutes,Bacilli,Lactobacillales,Lactobacillaceae,Lactobacillus,NA
63,ASV_63,Bacteria,Firmicutes,Bacilli,Lactobacillales,Lactobacillaceae,Lactobacillus,NA
64,ASV_64,Bacteria,Firmicutes,Bacilli,Lactobacillales,Lactobacillaceae,Lactobacillus,NA
65,ASV_65,Bacteria,Firmicutes,Bacilli,Lactobacillales,Lactobacillaceae,Lactobacillus,NA
66,ASV_66,Bacteria,Firmicutes,Bacilli,Lactobacillales,Lactobacillaceae,Lactobacillus,NA
67,ASV_67,Bacteria,Firmicutes,Bacilli,Lactobacillales,Lactobacillaceae,Lactobacillus,NA
68,ASV_68,Bacteria,Firmicutes,Bacilli,Lactobacillales,Lactobacillaceae,Lactobacillus,NA
69,ASV_69,Bacteria,Firmicutes,Bacilli,Lactobacillales,Lactobacillaceae,Lactobacillus,NA
70,ASV_70,Bacteria,Firmicutes,Bacilli,Lactobacillales,Lactobacillaceae,Lactobacillus,NA
71,ASV_71,Bacteria,Firmicutes,Bacilli,Lactobacillales,Lactobacillaceae,Lactobacillus,NA
72,ASV_72,Bacteria,Firmicutes,Bacilli,Lactobacillales,Lactobacillaceae,Lactobacillus,NA
73,ASV_73,Bacteria,Firmicutes,Bacilli,Lactobacillales,Lactobacillaceae,Lactobacillus,NA
74,ASV_74,Bacteria,Firmicutes,Bacilli,Lactobacillales,Lactobacillaceae,Lactobacillus,NA
75,ASV_75,Bacteria,Firmicutes,Bacilli,Lactobacillales,Lactobacillaceae,Lactobacillus,NA
76,ASV_76,Bacteria,Firmicutes,Bacilli,Lactobacillales,Lactobacillaceae,Lactobacillus,NA
77,ASV_77,Bacteria,Firmicutes,Bacilli,Lactobacillales,Lactobacillaceae,Lactobacillus,NA
78,ASV_78,Bacteria,Firmicutes,Bacilli,Lactobacillales,Lactobacillaceae,Lactobacillus,NA
79,ASV_79,Bacteria,Firmicutes,Clostridia,Clostridiales,Family_XI,Finegoldia,NA
80,ASV_80,Bacteria,Firmicutes,Bacilli,Lactobacillales,Lactobacillaceae,Lactobacillus,NA
81,ASV_81,Bacteria,Firmicutes,Bacilli,Lactobacillales,Lactobacillaceae,Lactobacillus,NA
82,ASV_82,Bacteria,Firmicutes,Bacilli,Lactobacillales,Lactobacillaceae,Lactobacillus,NA
83,ASV_83,Bacteria,Firmicutes,Bacilli,Lactobacillales,Lactobacillaceae,Lactobacillus,NA
84,ASV_84,Bacteria,Firmicutes,Bacilli,Lactobacillales,Lactobacillaceae,Lactobacillus,NA
85,ASV_85,Bacteria,Firmicutes,Bacilli,Lactobacillales,Lactobacillaceae,Lactobacillus,NA
86,ASV_86,Bacteria,Firmicutes,Clostridia,Clostridiales,Family_XI,Finegoldia,NA
87,ASV_87,Bacteria,Firmicutes,Bacilli,Lactobacillales,Lactobacillaceae,Lactobacillus,NA
88,ASV_88,Bacteria,Firmicutes,Bacilli,Lactobacillales,Lactobacillaceae,Lactobacillus,NA
89,ASV_89,Bacteria,Firmicutes,Bacilli,Lactobacillales,Lactobacillaceae,Lactobacillus,NA
90,ASV_90,Bacteria,Firmicutes,Clostridia,Clostridiales,Family_XI,Finegoldia,NA
91,ASV_91,Bacteria,Firmicutes,Bacilli,Lactobacillales,Lactobacillaceae,Lactobacillus,NA
92,ASV_92,Bacteria,Firmicutes,Clostridia,Clostridiales,Family_XI,Finegoldia,NA
93,ASV_93,Bacteria,Firmicutes,Bacilli,Lactobacillales,Lactobacillaceae,Lactobacillus,NA
94,ASV_94,Bacteria,Firmicutes,Bacilli,Lactobacillales,Lactobacillaceae,Lactobacillus,NA
95,ASV_95,Bacteria,Firmicutes,Clostridia,Clostridiales,Family_XI,Finegoldia,NA
96,ASV_96,Bacteria,Firmicutes,Clostridia,Clostridiales,Family_XI,Finegoldia,NA
97,ASV_97,Bacteria,Actinobacteria,Actinobacteria,Corynebacteriales,Corynebacteriaceae,Corynebacterium,NA
98,ASV_98,Bacteria,Actinobacteria,Actinobacteria,Corynebacteriales,Corynebacteriaceae,Corynebacterium_1,NA
99,ASV_99,Bacteria,Firmicutes,Bacilli,Lactobacillales,Lactobacillaceae,Lactobacillus,NA
100,ASV_100,Bacteria,Firmicutes,Clostridia,Clostridiales,Family_XI,Finegoldia,NA
101,ASV_101,Bacteria,Firmicutes,Bacilli,Lactobacillales,Lactobacillaceae,Lactobacillus,NA
102,ASV_102,Bacteria,Firmicutes,Clostridia,Clostridiales,Family_XI,Peptoniphilus,NA
103,ASV_103,Bacteria,Firmicutes,Bacilli,Lactobacillales,Lactobacillaceae,Lactobacillus,NA
104,ASV_104,Bacteria,Firmicutes,Clostridia,Clostridiales,Family_XI,Finegoldia,NA
105,ASV_105,Bacteria,Firmicutes,Bacilli,Lactobacillales,Lactobacillaceae,Lactobacillus,NA
106,ASV_106,Bacteria,Firmicutes,Clostridia,Clostridiales,Family_XI,Peptoniphilus,NA
107,ASV_107,Bacteria,Firmicutes,Bacilli,Lactobacillales,Lactobacillaceae,Lactobacillus,NA
108,ASV_108,Bacteria,Firmicutes,Clostridia,Clostridiales,Family_XI,Finegoldia,NA
109,ASV_109,Bacteria,Firmicutes,Bacilli,Lactobacillales,Lactobacillaceae,Lactobacillus,NA
110,ASV_110,Bacteria,Firmicutes,Clostridia,Clostridiales,Family_XI,Finegoldia,NA
111,ASV_111,Bacteria,Firmicutes,Clostridia,Clostridiales,Family_XI,Finegoldia,NA
112,ASV_112,Bacteria,Firmicutes,Clostridia,Clostridiales,Family_XI,Finegoldia,NA
113,ASV_113,Bacteria,Firmicutes,Clostridia,Clostridiales,Family_XI,Finegoldia,NA
114,ASV_114,Bacteria,Firmicutes,Clostridia,Clostridiales,Family_XI,Finegoldia,NA
115,ASV_115,Bacteria,Firmicutes,Clostridia,Clostridiales,Family_XI,Peptoniphilus,NA
116,ASV_116,Bacteria,Firmicutes,Bacilli,Lactobacillales,Lactobacillaceae,Lactobacillus,NA
117,ASV_117,Bacteria,Firmicutes,Clostridia,Clostridiales,Family_XI,Finegoldia,NA
118,ASV_118,Bacteria,Firmicutes,Clostridia,Clostridiales,Family_XI,Finegoldia,NA
119,ASV_119,Bacteria,Firmicutes,Clostridia,Clostridiales,Family_XI,Peptoniphilus,NA
120,ASV_120,Bacteria,Firmicutes,Bacilli,Lactobacillales,Lactobacillaceae,Lactobacillus,NA
121,ASV_121,Bacteria,Firmicutes,Clostridia,Clostridiales,Family_XI,Peptoniphilus,NA
122,ASV_122,Bacteria,Firmicutes,Clostridia,Clostridiales,Family_XI,Peptoniphilus,NA
123,ASV_123,Bacteria,Firmicutes,Clostridia,Clostridiales,Family_XI,Finegoldia,NA
124,ASV_124,Bacteria,Bacteroidetes,Bacteroidia,Bacteroidales,Prevotellaceae,Prevotella,NA
125,ASV_125,Bacteria,Firmicutes,Bacilli,Lactobacillales,Lactobacillaceae,Lactobacillus,NA
126,ASV_126,Bacteria,Firmicutes,Bacilli,Bacillales,Staphylococcaceae,Staphylococcus,NA
127,ASV_127,Bacteria,Firmicutes,Clostridia,Clostridiales,Family_XI,Finegoldia,NA
128,ASV_128,Bacteria,Firmicutes,Bacilli,Bacillales,Staphylococcaceae,Staphylococcus,NA
129,ASV_129,Bacteria,Firmicutes,Negativicutes,Selenomonadales,Veillonellaceae,Dialister,NA
130,ASV_130,Bacteria,Proteobacteria,Epsilonproteobacteria,Campylobacterales,Campylobacteraceae,Campylobacter,NA
131,ASV_131,Bacteria,Firmicutes,Clostridia,Clostridiales,Family_XI,Ezakiella,NA
132,ASV_132,Bacteria,Firmicutes,Clostridia,Clostridiales,Family_XI,Finegoldia,NA
133,ASV_133,Bacteria,Firmicutes,Clostridia,Clostridiales,Family_XI,Finegoldia,NA
134,ASV_134,Bacteria,Bacteroidetes,Bacteroidia,Bacteroidales,Prevotellaceae,Prevotella_6,NA
135,ASV_135,Bacteria,Actinobacteria,Actinobacteria,Corynebacteriales,Corynebacteriaceae,Corynebacterium_1,NA
136,ASV_136,Bacteria,Bacteroidetes,Bacteroidia,Bacteroidales,Prevotellaceae,Prevotella,NA
137,ASV_137,Bacteria,Firmicutes,Clostridia,Clostridiales,Family_XI,Finegoldia,NA
138,ASV_138,Bacteria,Firmicutes,Bacilli,Lactobacillales,Lactobacillaceae,Lactobacillus,NA
139,ASV_139,Bacteria,Firmicutes,Bacilli,Lactobacillales,Lactobacillaceae,Lactobacillus,NA
140,ASV_140,Bacteria,Firmicutes,Clostridia,Clostridiales,Family_XI,Finegoldia,NA
141,ASV_141,Bacteria,Firmicutes,Bacilli,Lactobacillales,Lactobacillaceae,Lactobacillus,NA
142,ASV_142,Bacteria,Firmicutes,Negativicutes,Selenomonadales,Veillonellaceae,Dialister,NA
143,ASV_143,Bacteria,Firmicutes,Bacilli,Lactobacillales,Lactobacillaceae,Lactobacillus,NA
144,ASV_144,Bacteria,Firmicutes,Bacilli,Bacillales,Staphylococcaceae,Staphylococcus,NA
145,ASV_145,Bacteria,Actinobacteria,Actinobacteria,Bifidobacteriales,Bifidobacteriaceae,Gardnerella,NA
146,ASV_146,Bacteria,Firmicutes,Clostridia,Clostridiales,Family_XI,Finegoldia,NA
147,ASV_147,Bacteria,Firmicutes,Negativicutes,Selenomonadales,Veillonellaceae,Negativicoccus,NA
148,ASV_148,Bacteria,Firmicutes,Clostridia,Clostridiales,Family_XI,Peptoniphilus,NA
149,ASV_149,Bacteria,Firmicutes,Clostridia,Clostridiales,Family_XI,Peptoniphilus,NA
150,ASV_150,Bacteria,Firmicutes,Clostridia,Clostridiales,Family_XI,Peptoniphilus,NA
151,ASV_151,Bacteria,Firmicutes,Clostridia,Clostridiales,Family_XI,Ezakiella,NA
152,ASV_152,Bacteria,Firmicutes,Negativicutes,Selenomonadales,Veillonellaceae,Negativicoccus,NA
153,ASV_153,Bacteria,Firmicutes,Clostridia,Clostridiales,Family_XI,Ezakiella,NA
154,ASV_154,Bacteria,Firmicutes,Clostridia,Clostridiales,Family_XI,Anaerococcus,NA
155,ASV_155,Bacteria,Firmicutes,Clostridia,Clostridiales,Family_XI,Peptoniphilus,NA
156,ASV_156,Bacteria,Firmicutes,Negativicutes,Selenomonadales,Veillonellaceae,Negativicoccus,NA
157,ASV_157,Bacteria,Firmicutes,Clostridia,Clostridiales,Family_XI,Finegoldia,NA
158,ASV_158,Bacteria,Firmicutes,Bacilli,Lactobacillales,Lactobacillaceae,Lactobacillus,NA
159,ASV_159,Bacteria,Firmicutes,Clostridia,Clostridiales,Clostridiaceae_1,Clostridium_sensu_stricto_1,NA
160,ASV_160,Bacteria,Firmicutes,Bacilli,Bacillales,Staphylococcaceae,Staphylococcus,NA
161,ASV_161,Bacteria,Firmicutes,Clostridia,Clostridiales,Family_XI,Finegoldia,NA
162,ASV_162,Bacteria,Firmicutes,Bacilli,Bacillales,Staphylococcaceae,Staphylococcus,NA
163,ASV_163,Bacteria,Firmicutes,Clostridia,Clostridiales,Family_XI,Peptoniphilus,NA
164,ASV_164,Bacteria,Firmicutes,Clostridia,Clostridiales,Family_XI,Anaerococcus,NA
165,ASV_165,Bacteria,Firmicutes,Clostridia,Clostridiales,Family_XI,Peptoniphilus,NA
166,ASV_166,Bacteria,Firmicutes,Clostridia,Clostridiales,Family_XI,Ezakiella,NA
167,ASV_167,Bacteria,Firmicutes,Bacilli,Lactobacillales,Lactobacillaceae,Lactobacillus,NA
168,ASV_168,Bacteria,Bacteroidetes,Bacteroidia,Bacteroidales,Prevotellaceae,Prevotella_6,NA
169,ASV_169,Bacteria,Firmicutes,Bacilli,Bacillales,Staphylococcaceae,Staphylococcus,NA
170,ASV_170,Bacteria,Bacteroidetes,Bacteroidia,Bacteroidales,Prevotellaceae,Prevotella_6,NA
171,ASV_171,Bacteria,Bacteroidetes,Bacteroidia,Bacteroidales,Prevotellaceae,Prevotella_6,NA
172,ASV_172,Bacteria,Firmicutes,Bacilli,Lactobacillales,Lactobacillaceae,Lactobacillus,NA
173,ASV_173,Bacteria,Firmicutes,Bacilli,Bacillales,Staphylococcaceae,Staphylococcus,NA
174,ASV_174,Bacteria,Actinobacteria,Actinobacteria,Actinomycetales,Actinomycetaceae,Mobiluncus,NA
175,ASV_175,Bacteria,Firmicutes,Bacilli,Lactobacillales,Lactobacillaceae,Lactobacillus,NA
176,ASV_176,Bacteria,Actinobacteria,Actinobacteria,Actinomycetales,Actinomycetaceae,Actinomyces,NA
177,ASV_177,Bacteria,Firmicutes,Clostridia,Clostridiales,Family_XI,Peptoniphilus,NA
178,ASV_178,Bacteria,Bacteroidetes,Bacteroidia,Bacteroidales,Prevotellaceae,Prevotella,NA
179,ASV_179,Bacteria,Bacteroidetes,Bacteroidia,Bacteroidales,Prevotellaceae,Prevotella_6,NA
180,ASV_180,Bacteria,Firmicutes,Bacilli,Lactobacillales,Lactobacillaceae,Lactobacillus,NA
181,ASV_181,Bacteria,Actinobacteria,Actinobacteria,Corynebacteriales,Corynebacteriaceae,Corynebacterium,NA
182,ASV_182,Bacteria,Firmicutes,Bacilli,Lactobacillales,Lactobacillaceae,Lactobacillus,NA
183,ASV_183,Bacteria,Firmicutes,Clostridia,Clostridiales,Family_XI,Peptoniphilus,NA
184,ASV_184,Bacteria,Firmicutes,Clostridia,Clostridiales,Family_XI,NA,NA
185,ASV_185,Bacteria,Actinobacteria,Actinobacteria,Corynebacteriales,Corynebacteriaceae,Corynebacterium_1,NA
186,ASV_186,Bacteria,Firmicutes,Clostridia,Clostridiales,Family_XI,Peptoniphilus,NA
187,ASV_187,Bacteria,Bacteroidetes,Bacteroidia,Bacteroidales,Prevotellaceae,Prevotella_6,NA
188,ASV_188,Bacteria,Firmicutes,Bacilli,Lactobacillales,Lactobacillaceae,Lactobacillus,NA
189,ASV_189,Bacteria,Firmicutes,Clostridia,Clostridiales,Family_XI,Anaerococcus,NA
190,ASV_190,Bacteria,Firmicutes,Bacilli,Bacillales,Staphylococcaceae,Staphylococcus,NA
191,ASV_191,Bacteria,Firmicutes,Bacilli,Bacillales,Staphylococcaceae,Staphylococcus,NA
192,ASV_192,Bacteria,Firmicutes,Negativicutes,Selenomonadales,Veillonellaceae,Dialister,NA
193,ASV_193,Bacteria,Bacteroidetes,Bacteroidia,Bacteroidales,Prevotellaceae,Prevotella,NA
194,ASV_194,Bacteria,Proteobacteria,Betaproteobacteria,NA,NA,NA,NA
195,ASV_195,Bacteria,Firmicutes,Clostridia,Clostridiales,Family_XI,Peptoniphilus,NA
196,ASV_196,Bacteria,Firmicutes,Bacilli,Bacillales,Staphylococcaceae,Staphylococcus,NA
197,ASV_197,Bacteria,Firmicutes,Bacilli,Lactobacillales,Lactobacillaceae,Lactobacillus,NA
198,ASV_198,Bacteria,Firmicutes,Negativicutes,Selenomonadales,Veillonellaceae,Dialister,NA
199,ASV_199,Bacteria,Firmicutes,Clostridia,Clostridiales,Family_XI,Peptoniphilus,NA
200,ASV_200,Bacteria,Firmicutes,Clostridia,Clostridiales,Family_XI,Peptoniphilus,NA
201,ASV_201,Bacteria,Actinobacteria,Actinobacteria,Bifidobacteriales,Bifidobacteriaceae,Gardnerella,NA
202,ASV_202,Bacteria,Actinobacteria,Actinobacteria,Corynebacteriales,Corynebacteriaceae,Lawsonella,NA
203,ASV_203,Bacteria,Bacteroidetes,Bacteroidia,Bacteroidales,Porphyromonadaceae,Porphyromonas,NA
204,ASV_204,Bacteria,Actinobacteria,Actinobacteria,Corynebacteriales,Corynebacteriaceae,Corynebacterium,NA
205,ASV_205,Bacteria,Firmicutes,Clostridia,Clostridiales,Family_XI,Ezakiella,NA
206,ASV_206,Bacteria,Firmicutes,Clostridia,Clostridiales,Family_XI,Ezakiella,NA
207,ASV_207,Bacteria,Bacteroidetes,Bacteroidia,Bacteroidales,Prevotellaceae,Prevotella_6,NA
208,ASV_208,Bacteria,Firmicutes,Bacilli,Lactobacillales,Lactobacillaceae,Lactobacillus,NA
209,ASV_209,Bacteria,Firmicutes,Clostridia,Clostridiales,Family_XI,Peptoniphilus,NA
210,ASV_210,Bacteria,Firmicutes,Negativicutes,Selenomonadales,Veillonellaceae,Negativicoccus,NA
211,ASV_211,Bacteria,Firmicutes,Bacilli,Lactobacillales,Lactobacillaceae,Lactobacillus,NA
212,ASV_212,Bacteria,Firmicutes,Clostridia,Clostridiales,Family_XI,Ezakiella,NA
213,ASV_213,Bacteria,Firmicutes,Bacilli,Lactobacillales,Lactobacillaceae,Lactobacillus,NA
214,ASV_214,Bacteria,Firmicutes,Bacilli,Bacillales,Staphylococcaceae,Staphylococcus,NA
215,ASV_215,Bacteria,Firmicutes,Clostridia,Clostridiales,Family_XI,Peptoniphilus,NA
216,ASV_216,Bacteria,Firmicutes,Clostridia,Clostridiales,Family_XI,Peptoniphilus,NA
217,ASV_217,Bacteria,Firmicutes,Clostridia,Clostridiales,Family_XI,Ezakiella,NA
218,ASV_218,Bacteria,Actinobacteria,Actinobacteria,Actinomycetales,Actinomycetaceae,Actinotignum,NA
219,ASV_219,Bacteria,Bacteroidetes,Bacteroidia,Bacteroidales,Porphyromonadaceae,Porphyromonas,NA
220,ASV_220,Bacteria,Actinobacteria,Actinobacteria,Actinomycetales,Actinomycetaceae,Mobiluncus,NA
221,ASV_221,Bacteria,Firmicutes,Clostridia,Clostridiales,Peptococcaceae,Peptococcus,NA
222,ASV_222,Bacteria,Firmicutes,Clostridia,Clostridiales,Family_XI,Peptoniphilus,NA
223,ASV_223,Bacteria,Firmicutes,Negativicutes,Selenomonadales,Veillonellaceae,Dialister,NA
224,ASV_224,Bacteria,Actinobacteria,Actinobacteria,Actinomycetales,Actinomycetaceae,Mobiluncus,NA
225,ASV_225,Bacteria,Firmicutes,Clostridia,Clostridiales,Family_XI,Anaerococcus,NA
226,ASV_226,Bacteria,Firmicutes,Bacilli,Bacillales,Staphylococcaceae,Staphylococcus,NA
227,ASV_227,Bacteria,Firmicutes,Clostridia,Clostridiales,Family_XI,Peptoniphilus,NA
228,ASV_228,Bacteria,Proteobacteria,Epsilonproteobacteria,Campylobacterales,Campylobacteraceae,Campylobacter,NA
229,ASV_229,Bacteria,Firmicutes,Bacilli,Bacillales,Staphylococcaceae,Staphylococcus,NA
230,ASV_230,Bacteria,Proteobacteria,Epsilonproteobacteria,Campylobacterales,Campylobacteraceae,Campylobacter,NA
231,ASV_231,Bacteria,Actinobacteria,Actinobacteria,Actinomycetales,Actinomycetaceae,Mobiluncus,NA
232,ASV_232,Bacteria,Actinobacteria,Coriobacteriia,Coriobacteriales,Coriobacteriaceae,NA,NA
233,ASV_233,Bacteria,Bacteroidetes,Bacteroidia,Bacteroidales,Porphyromonadaceae,Porphyromonas,NA
234,ASV_234,Bacteria,Firmicutes,Clostridia,Clostridiales,Ruminococcaceae,NA,NA
235,ASV_235,Bacteria,Bacteroidetes,Bacteroidia,Bacteroidales,Prevotellaceae,Prevotella_6,NA
236,ASV_236,Bacteria,Firmicutes,Clostridia,Clostridiales,Family_XI,Murdochiella,NA
237,ASV_237,Bacteria,Bacteroidetes,Bacteroidia,Bacteroidales,Prevotellaceae,Prevotella,NA
238,ASV_238,Bacteria,Firmicutes,Bacilli,Lactobacillales,Lactobacillaceae,Lactobacillus,NA
239,ASV_239,Bacteria,Actinobacteria,Actinobacteria,Corynebacteriales,Corynebacteriaceae,Corynebacterium,NA
240,ASV_240,Bacteria,Firmicutes,Clostridia,Clostridiales,Family_XI,Peptoniphilus,NA
241,ASV_241,Bacteria,Firmicutes,Clostridia,Clostridiales,Family_XI,Ezakiella,NA
242,ASV_242,Bacteria,Firmicutes,Clostridia,Clostridiales,Family_XI,Peptoniphilus,NA
243,ASV_243,Bacteria,Firmicutes,Clostridia,Clostridiales,Family_XI,Peptoniphilus,NA
244,ASV_244,Bacteria,Firmicutes,Clostridia,Clostridiales,Family_XI,Peptoniphilus,NA
245,ASV_245,Bacteria,Firmicutes,Bacilli,Lactobacillales,Lactobacillaceae,Lactobacillus,NA
246,ASV_246,Bacteria,Actinobacteria,Coriobacteriia,Coriobacteriales,Coriobacteriaceae,Atopobium,NA
247,ASV_247,Bacteria,Firmicutes,Bacilli,Lactobacillales,Lactobacillaceae,Lactobacillus,NA
248,ASV_248,Bacteria,Bacteroidetes,Bacteroidia,Bacteroidales,Porphyromonadaceae,Porphyromonas,NA
249,ASV_249,Bacteria,Firmicutes,Bacilli,Bacillales,Staphylococcaceae,Staphylococcus,NA
250,ASV_250,Bacteria,Firmicutes,Clostridia,Clostridiales,Family_XI,Peptoniphilus,NA
251,ASV_251,Bacteria,Firmicutes,Negativicutes,Selenomonadales,Veillonellaceae,Negativicoccus,NA
252,ASV_252,Bacteria,Firmicutes,Clostridia,Clostridiales,Family_XI,Anaerococcus,NA
253,ASV_253,Bacteria,Proteobacteria,Epsilonproteobacteria,Campylobacterales,Campylobacteraceae,Campylobacter,NA
254,ASV_254,Bacteria,Actinobacteria,Coriobacteriia,Coriobacteriales,Coriobacteriaceae,NA,NA
255,ASV_255,Bacteria,Firmicutes,Clostridia,Clostridiales,Family_XI,Peptoniphilus,NA
256,ASV_256,Bacteria,Firmicutes,Negativicutes,Selenomonadales,Veillonellaceae,Dialister,NA
257,ASV_257,Bacteria,Firmicutes,Negativicutes,Selenomonadales,Veillonellaceae,Dialister,NA
258,ASV_258,Bacteria,Firmicutes,Bacilli,Bacillales,Staphylococcaceae,Staphylococcus,NA
259,ASV_259,Bacteria,Bacteroidetes,Bacteroidia,Bacteroidales,Porphyromonadaceae,Porphyromonas,NA
260,ASV_260,Bacteria,Actinobacteria,Actinobacteria,Actinomycetales,Actinomycetaceae,Actinomyces,NA
261,ASV_261,Bacteria,Firmicutes,Bacilli,Lactobacillales,Streptococcaceae,Streptococcus,NA
262,ASV_262,Bacteria,Firmicutes,Clostridia,Clostridiales,Family_XI,Peptoniphilus,NA
263,ASV_263,Bacteria,Bacteroidetes,Bacteroidia,Bacteroidales,Porphyromonadaceae,Porphyromonas,NA
264,ASV_264,Bacteria,Firmicutes,Negativicutes,Selenomonadales,Veillonellaceae,Dialister,NA
265,ASV_265,Bacteria,Actinobacteria,Actinobacteria,Actinomycetales,Actinomycetaceae,Mobiluncus,NA
266,ASV_266,Bacteria,Firmicutes,Clostridia,Clostridiales,Family_XI,Anaerococcus,NA
267,ASV_267,Bacteria,Actinobacteria,Actinobacteria,Corynebacteriales,Corynebacteriaceae,Corynebacterium,NA
268,ASV_268,Bacteria,Firmicutes,Bacilli,Lactobacillales,Lactobacillaceae,Lactobacillus,NA
269,ASV_269,Bacteria,Firmicutes,Bacilli,Lactobacillales,Streptococcaceae,Streptococcus,NA
270,ASV_270,Bacteria,Proteobacteria,Epsilonproteobacteria,Campylobacterales,Campylobacteraceae,Campylobacter,NA
271,ASV_271,Bacteria,Firmicutes,Clostridia,Clostridiales,Family_XI,Peptoniphilus,NA
272,ASV_272,Bacteria,Actinobacteria,Actinobacteria,Actinomycetales,Actinomycetaceae,Mobiluncus,NA
273,ASV_273,Bacteria,Actinobacteria,Actinobacteria,Actinomycetales,Actinomycetaceae,Mobiluncus,NA
274,ASV_274,Bacteria,Firmicutes,Bacilli,Lactobacillales,Lactobacillaceae,Lactobacillus,NA
275,ASV_275,Bacteria,Firmicutes,Clostridia,Clostridiales,Family_XI,Peptoniphilus,NA
276,ASV_276,Bacteria,Firmicutes,Clostridia,Clostridiales,Family_XI,Helcococcus,NA
277,ASV_277,Bacteria,Proteobacteria,Epsilonproteobacteria,Campylobacterales,Campylobacteraceae,Campylobacter,NA
278,ASV_278,Bacteria,Firmicutes,Clostridia,Clostridiales,Family_XI,Ezakiella,NA
279,ASV_279,Bacteria,Firmicutes,Clostridia,Clostridiales,Family_XI,Anaerococcus,NA
280,ASV_280,Bacteria,Proteobacteria,NA,NA,NA,NA,NA
281,ASV_281,Bacteria,Firmicutes,Clostridia,Clostridiales,Family_XI,Anaerococcus,NA
282,ASV_282,Bacteria,Firmicutes,Negativicutes,Selenomonadales,Veillonellaceae,Dialister,NA
283,ASV_283,Bacteria,Firmicutes,Negativicutes,Selenomonadales,Veillonellaceae,Dialister,NA
284,ASV_284,Bacteria,Actinobacteria,Actinobacteria,Actinomycetales,Actinomycetaceae,Mobiluncus,NA
285,ASV_285,Bacteria,Proteobacteria,Gammaproteobacteria,Pasteurellales,Pasteurellaceae,Haemophilus,NA
286,ASV_286,Bacteria,Firmicutes,Clostridia,Clostridiales,Family_XI,Peptoniphilus,NA
287,ASV_287,Bacteria,Firmicutes,Clostridia,Clostridiales,Family_XI,Ezakiella,NA
288,ASV_288,Bacteria,Firmicutes,Bacilli,Lactobacillales,Lactobacillaceae,Lactobacillus,NA
289,ASV_289,Bacteria,Actinobacteria,Actinobacteria,Corynebacteriales,Corynebacteriaceae,NA,NA
290,ASV_290,Bacteria,Firmicutes,Bacilli,Lactobacillales,Lactobacillaceae,Lactobacillus,NA
291,ASV_291,Bacteria,Firmicutes,Clostridia,Clostridiales,Family_XI,Peptoniphilus,NA
292,ASV_292,Bacteria,Actinobacteria,Actinobacteria,Corynebacteriales,Corynebacteriaceae,Corynebacterium,NA
293,ASV_293,Bacteria,Firmicutes,Clostridia,Clostridiales,Ruminococcaceae,NA,NA
294,ASV_294,Bacteria,Firmicutes,Clostridia,Clostridiales,Family_XI,Ezakiella,NA
295,ASV_295,Bacteria,Actinobacteria,Actinobacteria,Corynebacteriales,Corynebacteriaceae,Corynebacterium_1,NA
296,ASV_296,Bacteria,Bacteroidetes,Bacteroidia,Bacteroidales,Prevotellaceae,Prevotella,NA
297,ASV_297,Bacteria,Bacteroidetes,Bacteroidia,Bacteroidales,Prevotellaceae,Prevotella_6,NA
298,ASV_298,Bacteria,Bacteroidetes,Bacteroidia,Bacteroidales,Prevotellaceae,Prevotella_6,NA
299,ASV_299,Bacteria,Firmicutes,Bacilli,Lactobacillales,Lactobacillaceae,Lactobacillus,NA
300,ASV_300,Bacteria,Bacteroidetes,Bacteroidia,Bacteroidales,Porphyromonadaceae,Porphyromonas,NA
301,ASV_301,Bacteria,Firmicutes,Clostridia,Clostridiales,Family_XI,Anaerococcus,NA
302,ASV_302,Bacteria,Firmicutes,Clostridia,Clostridiales,Family_XI,Ezakiella,NA
303,ASV_303,Bacteria,Firmicutes,Clostridia,Clostridiales,Family_XI,Peptoniphilus,NA
304,ASV_304,Bacteria,Actinobacteria,Actinobacteria,Actinomycetales,Actinomycetaceae,Actinomyces,NA
305,ASV_305,Bacteria,Bacteroidetes,Bacteroidia,Bacteroidales,Porphyromonadaceae,Porphyromonas,NA
306,ASV_306,Bacteria,Actinobacteria,Actinobacteria,Propionibacteriales,Propionibacteriaceae,Propionibacterium,NA
307,ASV_307,Bacteria,Firmicutes,Bacilli,Lactobacillales,Lactobacillaceae,Lactobacillus,NA
308,ASV_308,Bacteria,Firmicutes,Negativicutes,Selenomonadales,Veillonellaceae,Dialister,NA
309,ASV_309,Bacteria,Proteobacteria,Epsilonproteobacteria,Campylobacterales,Campylobacteraceae,Campylobacter,NA
310,ASV_310,Bacteria,Firmicutes,Bacilli,Lactobacillales,Lactobacillaceae,Lactobacillus,NA
311,ASV_311,Bacteria,Actinobacteria,Actinobacteria,Bifidobacteriales,Bifidobacteriaceae,Gardnerella,NA
312,ASV_312,Bacteria,Bacteroidetes,Bacteroidia,Bacteroidales,Prevotellaceae,Prevotella_6,NA
313,ASV_313,Bacteria,Actinobacteria,Actinobacteria,Corynebacteriales,Corynebacteriaceae,Corynebacterium_1,NA
314,ASV_314,Bacteria,Firmicutes,Negativicutes,Selenomonadales,Veillonellaceae,Dialister,NA
315,ASV_315,Bacteria,Firmicutes,Clostridia,Clostridiales,Family_XI,Peptoniphilus,NA
316,ASV_316,Bacteria,Firmicutes,Bacilli,Bacillales,Staphylococcaceae,Staphylococcus,NA
317,ASV_317,Bacteria,Proteobacteria,Epsilonproteobacteria,Campylobacterales,Campylobacteraceae,Campylobacter,NA
318,ASV_318,Bacteria,Bacteroidetes,Bacteroidia,Bacteroidales,Prevotellaceae,Prevotella,NA
319,ASV_319,Bacteria,Firmicutes,Clostridia,Clostridiales,Family_XI,Anaerococcus,NA
320,ASV_320,Bacteria,Firmicutes,Bacilli,Bacillales,Staphylococcaceae,Staphylococcus,NA
321,ASV_321,Bacteria,Proteobacteria,Epsilonproteobacteria,Campylobacterales,Campylobacteraceae,Campylobacter,NA
322,ASV_322,Bacteria,Proteobacteria,Epsilonproteobacteria,Campylobacterales,Campylobacteraceae,Campylobacter,NA
323,ASV_323,Bacteria,Firmicutes,Clostridia,Clostridiales,Family_XI,Anaerococcus,NA
324,ASV_324,Bacteria,Firmicutes,Clostridia,Clostridiales,Family_XI,Peptoniphilus,NA
325,ASV_325,Bacteria,Bacteroidetes,Bacteroidia,Bacteroidales,Rikenellaceae,Rikenellaceae_RC9_gut_group,NA
326,ASV_326,Bacteria,Bacteroidetes,Bacteroidia,Bacteroidales,Prevotellaceae,Prevotella,NA
327,ASV_327,Bacteria,Actinobacteria,Actinobacteria,Actinomycetales,Actinomycetaceae,Mobiluncus,NA
328,ASV_328,Bacteria,Firmicutes,Clostridia,Clostridiales,Family_XI,Ezakiella,NA
329,ASV_329,Bacteria,Firmicutes,Negativicutes,Selenomonadales,Veillonellaceae,Dialister,NA
330,ASV_330,Bacteria,Firmicutes,Clostridia,Clostridiales,Family_XI,Anaerococcus,NA
331,ASV_331,Bacteria,Firmicutes,Clostridia,Clostridiales,Family_XI,Anaerococcus,NA
332,ASV_332,Bacteria,Firmicutes,Bacilli,Lactobacillales,Lactobacillaceae,Lactobacillus,NA
333,ASV_333,Bacteria,Firmicutes,Clostridia,Clostridiales,Family_XI,Peptoniphilus,NA
334,ASV_334,Bacteria,Firmicutes,Clostridia,Clostridiales,Family_XI,Ezakiella,NA
335,ASV_335,Bacteria,Firmicutes,Clostridia,Clostridiales,Family_XI,Ezakiella,NA
336,ASV_336,Bacteria,Firmicutes,Clostridia,Clostridiales,Peptostreptococcaceae,Peptostreptococcus,NA
337,ASV_337,Bacteria,Firmicutes,Clostridia,Clostridiales,Family_XI,Peptoniphilus,NA
338,ASV_338,Bacteria,Firmicutes,Negativicutes,Selenomonadales,Veillonellaceae,Negativicoccus,NA
339,ASV_339,Bacteria,Firmicutes,Bacilli,Lactobacillales,Lactobacillaceae,Lactobacillus,NA
340,ASV_340,Bacteria,Firmicutes,Clostridia,Clostridiales,Family_XI,Anaerococcus,NA
341,ASV_341,Bacteria,Bacteroidetes,Bacteroidia,Bacteroidales,Prevotellaceae,Prevotella,NA
342,ASV_342,Bacteria,Firmicutes,Clostridia,Clostridiales,Family_XI,Peptoniphilus,NA
343,ASV_343,Bacteria,Firmicutes,Clostridia,Clostridiales,Family_XI,Ezakiella,NA
344,ASV_344,Bacteria,Bacteroidetes,Bacteroidia,Bacteroidales,Prevotellaceae,Prevotella_6,NA
345,ASV_345,Bacteria,Firmicutes,Clostridia,Clostridiales,Family_XI,Murdochiella,NA
346,ASV_346,Bacteria,Bacteroidetes,Bacteroidia,Bacteroidales,Prevotellaceae,Prevotella,NA
347,ASV_347,Bacteria,Firmicutes,Clostridia,Clostridiales,Peptostreptococcaceae,Peptostreptococcus,NA
348,ASV_348,Bacteria,Firmicutes,Negativicutes,Selenomonadales,Veillonellaceae,Negativicoccus,NA
349,ASV_349,Bacteria,Bacteroidetes,Bacteroidia,Bacteroidales,Prevotellaceae,Prevotella_6,NA
350,ASV_350,Bacteria,Actinobacteria,Actinobacteria,Corynebacteriales,Corynebacteriaceae,Corynebacterium_1,NA
351,ASV_351,Bacteria,Firmicutes,Clostridia,Clostridiales,Family_XI,Ezakiella,NA
352,ASV_352,Bacteria,Firmicutes,Bacilli,Lactobacillales,Streptococcaceae,Streptococcus,NA
353,ASV_353,Bacteria,Actinobacteria,Actinobacteria,Actinomycetales,Actinomycetaceae,Actinomyces,NA
354,ASV_354,Bacteria,Firmicutes,Negativicutes,Selenomonadales,Veillonellaceae,Dialister,NA
355,ASV_355,Bacteria,Firmicutes,Negativicutes,Selenomonadales,Veillonellaceae,Negativicoccus,NA
356,ASV_356,Bacteria,Firmicutes,Clostridia,Clostridiales,Family_XI,Peptoniphilus,NA
357,ASV_357,Bacteria,Firmicutes,Clostridia,Clostridiales,Family_XI,Ezakiella,NA
358,ASV_358,Bacteria,Firmicutes,Negativicutes,Selenomonadales,Veillonellaceae,Dialister,NA
359,ASV_359,Bacteria,Firmicutes,Clostridia,Clostridiales,Family_XI,Gallicola,NA
360,ASV_360,Bacteria,Bacteroidetes,Bacteroidia,Bacteroidales,Porphyromonadaceae,Porphyromonas,NA
361,ASV_361,Bacteria,Firmicutes,Clostridia,Clostridiales,Family_XI,Peptoniphilus,NA
362,ASV_362,Bacteria,Firmicutes,Negativicutes,Selenomonadales,Veillonellaceae,Dialister,NA
363,ASV_363,Bacteria,Firmicutes,Negativicutes,Selenomonadales,Veillonellaceae,Negativicoccus,NA
364,ASV_364,Bacteria,Firmicutes,Bacilli,Lactobacillales,Streptococcaceae,Streptococcus,NA
365,ASV_365,Bacteria,Actinobacteria,Actinobacteria,Actinomycetales,Actinomycetaceae,Actinotignum,NA
366,ASV_366,Bacteria,Firmicutes,Bacilli,Lactobacillales,Lactobacillaceae,Lactobacillus,NA
367,ASV_367,Bacteria,Bacteroidetes,Bacteroidia,Bacteroidales,Porphyromonadaceae,Porphyromonas,NA
368,ASV_368,Bacteria,Firmicutes,Clostridia,Clostridiales,Family_XI,Peptoniphilus,NA
369,ASV_369,Bacteria,Firmicutes,Clostridia,Clostridiales,Family_XI,Ezakiella,NA
370,ASV_370,Bacteria,Firmicutes,Clostridia,Clostridiales,Family_XI,Peptoniphilus,NA
371,ASV_371,Bacteria,Actinobacteria,Actinobacteria,Actinomycetales,Actinomycetaceae,Actinomyces,NA
372,ASV_372,Bacteria,Actinobacteria,Actinobacteria,Actinomycetales,Actinomycetaceae,Actinotignum,NA
373,ASV_373,Bacteria,Firmicutes,Clostridia,Clostridiales,Family_XI,Anaerococcus,NA
374,ASV_374,Bacteria,Firmicutes,Clostridia,Clostridiales,Family_XI,Anaerococcus,NA
375,ASV_375,Bacteria,Firmicutes,Clostridia,Clostridiales,Family_XI,Peptoniphilus,NA
376,ASV_376,Bacteria,Firmicutes,Clostridia,Clostridiales,Family_XI,Anaerococcus,NA
377,ASV_377,Bacteria,Actinobacteria,Actinobacteria,Corynebacteriales,Corynebacteriaceae,Corynebacterium,NA
378,ASV_378,Bacteria,Firmicutes,Clostridia,Clostridiales,Family_XI,Peptoniphilus,NA
379,ASV_379,Bacteria,Firmicutes,Bacilli,Bacillales,Staphylococcaceae,Staphylococcus,NA
380,ASV_380,Bacteria,Actinobacteria,Actinobacteria,Corynebacteriales,Corynebacteriaceae,Corynebacterium_1,NA
381,ASV_381,Bacteria,Proteobacteria,NA,NA,NA,NA,NA
382,ASV_382,Bacteria,Firmicutes,Clostridia,Clostridiales,Family_XI,Peptoniphilus,NA
383,ASV_383,Bacteria,Firmicutes,Negativicutes,Selenomonadales,Veillonellaceae,Dialister,NA
384,ASV_384,Bacteria,Actinobacteria,Actinobacteria,Actinomycetales,Actinomycetaceae,Varibaculum,NA
385,ASV_385,Bacteria,Firmicutes,Clostridia,Clostridiales,Family_XI,Anaerococcus,NA
386,ASV_386,Bacteria,Firmicutes,Clostridia,Clostridiales,Family_XI,Peptoniphilus,NA
387,ASV_387,Bacteria,Firmicutes,Negativicutes,Selenomonadales,Veillonellaceae,Dialister,NA
388,ASV_388,Bacteria,Firmicutes,Clostridia,Clostridiales,Lachnospiraceae,Howardella,NA
389,ASV_389,Bacteria,Firmicutes,Clostridia,Clostridiales,Family_XI,Ezakiella,NA
390,ASV_390,Bacteria,Bacteroidetes,Bacteroidia,Bacteroidales,Porphyromonadaceae,Porphyromonas,NA
391,ASV_391,Bacteria,Bacteroidetes,Bacteroidia,Bacteroidales,Prevotellaceae,Prevotella,NA
392,ASV_392,Bacteria,Firmicutes,Clostridia,Clostridiales,Family_XI,Anaerococcus,NA
393,ASV_393,Bacteria,Actinobacteria,Actinobacteria,Corynebacteriales,Corynebacteriaceae,Corynebacterium_1,NA
394,ASV_394,Bacteria,Firmicutes,Clostridia,Clostridiales,Family_XI,Anaerococcus,NA
395,ASV_395,Bacteria,Proteobacteria,Gammaproteobacteria,Enterobacteriales,Enterobacteriaceae,Escherichia/Shigella,NA
396,ASV_396,Bacteria,Firmicutes,Clostridia,Clostridiales,Family_XI,Helcococcus,NA
397,ASV_397,Bacteria,Firmicutes,Negativicutes,Selenomonadales,Veillonellaceae,Dialister,NA
398,ASV_398,Bacteria,Firmicutes,Clostridia,Clostridiales,Family_XI,Peptoniphilus,NA
399,ASV_399,Bacteria,Firmicutes,Clostridia,Clostridiales,Family_XI,Anaerococcus,NA
400,ASV_400,Bacteria,Firmicutes,Clostridia,Clostridiales,Family_XI,Gallicola,NA
401,ASV_401,Bacteria,Firmicutes,Negativicutes,Selenomonadales,Veillonellaceae,Negativicoccus,NA
402,ASV_402,Bacteria,Bacteroidetes,Bacteroidia,Bacteroidales,Prevotellaceae,Prevotella_6,NA
403,ASV_403,Bacteria,Actinobacteria,Actinobacteria,Corynebacteriales,Corynebacteriaceae,Lawsonella,NA
404,ASV_404,Bacteria,Bacteroidetes,Bacteroidia,Bacteroidales,Porphyromonadaceae,Porphyromonas,NA
405,ASV_405,Bacteria,Firmicutes,Clostridia,Clostridiales,Family_XI,Peptoniphilus,NA
406,ASV_406,Bacteria,Firmicutes,Negativicutes,Selenomonadales,Veillonellaceae,Negativicoccus,NA
407,ASV_407,Bacteria,Firmicutes,Clostridia,Clostridiales,Family_XI,Murdochiella,NA
408,ASV_408,Bacteria,Bacteroidetes,Bacteroidia,Bacteroidales,Porphyromonadaceae,Porphyromonas,NA
409,ASV_409,Bacteria,Actinobacteria,Actinobacteria,Actinomycetales,Actinomycetaceae,Actinomyces,NA
410,ASV_410,Bacteria,Bacteroidetes,Bacteroidia,Bacteroidales,Prevotellaceae,Prevotella,NA
411,ASV_411,Bacteria,Firmicutes,Clostridia,Clostridiales,Family_XI,Anaerococcus,NA
412,ASV_412,Bacteria,Bacteroidetes,Bacteroidia,Bacteroidales,Prevotellaceae,Prevotella,NA
413,ASV_413,Bacteria,Firmicutes,Bacilli,Lactobacillales,Streptococcaceae,Streptococcus,NA
414,ASV_414,Bacteria,Cyanobacteria,Chloroplast,NA,NA,NA,NA
415,ASV_415,Bacteria,Firmicutes,Bacilli,Lactobacillales,Lactobacillaceae,Lactobacillus,NA
416,ASV_416,Bacteria,Proteobacteria,Epsilonproteobacteria,Campylobacterales,Campylobacteraceae,Campylobacter,NA
417,ASV_417,Bacteria,Actinobacteria,Actinobacteria,Actinomycetales,Actinomycetaceae,Arcanobacterium,NA
418,ASV_418,Bacteria,Firmicutes,Bacilli,Lactobacillales,Lactobacillaceae,Lactobacillus,NA
419,ASV_419,Bacteria,Firmicutes,Bacilli,Lactobacillales,Lactobacillaceae,Lactobacillus,NA
420,ASV_420,Bacteria,Firmicutes,Clostridia,Clostridiales,Ruminococcaceae,Fastidiosipila,NA
421,ASV_421,Bacteria,Firmicutes,Clostridia,Clostridiales,Family_XI,Peptoniphilus,NA
422,ASV_422,Bacteria,Firmicutes,Clostridia,Clostridiales,Family_XI,Ezakiella,NA
423,ASV_423,Bacteria,Actinobacteria,Actinobacteria,Corynebacteriales,Corynebacteriaceae,Corynebacterium,NA
424,ASV_424,Bacteria,Actinobacteria,Actinobacteria,Actinomycetales,Actinomycetaceae,Actinomyces,NA
425,ASV_425,Bacteria,Firmicutes,Clostridia,Clostridiales,Family_XI,Ezakiella,NA
426,ASV_426,Bacteria,Actinobacteria,Actinobacteria,Actinomycetales,Actinomycetaceae,Varibaculum,NA
427,ASV_427,Bacteria,Firmicutes,Bacilli,Lactobacillales,Lactobacillaceae,Lactobacillus,NA
428,ASV_428,Bacteria,Actinobacteria,Actinobacteria,Actinomycetales,Actinomycetaceae,Varibaculum,NA
429,ASV_429,Bacteria,Actinobacteria,Actinobacteria,Actinomycetales,Actinomycetaceae,Mobiluncus,NA
430,ASV_430,Bacteria,Firmicutes,Clostridia,Clostridiales,Family_XI,Peptoniphilus,NA
431,ASV_431,Bacteria,Bacteroidetes,Bacteroidia,Bacteroidales,Prevotellaceae,Prevotella_6,NA
432,ASV_432,Bacteria,Firmicutes,Clostridia,Clostridiales,Family_XI,Anaerococcus,NA
433,ASV_433,Bacteria,Actinobacteria,Actinobacteria,Actinomycetales,Actinomycetaceae,Actinomyces,NA
434,ASV_434,Bacteria,Firmicutes,Bacilli,Bacillales,Staphylococcaceae,Staphylococcus,NA
435,ASV_435,Bacteria,Bacteroidetes,Bacteroidia,Bacteroidales,Prevotellaceae,Prevotella,NA
436,ASV_436,Bacteria,Firmicutes,Clostridia,Clostridiales,Family_XI,NA,NA
437,ASV_437,Bacteria,Bacteroidetes,Bacteroidia,Bacteroidales,Prevotellaceae,Prevotella,NA
438,ASV_438,Bacteria,Firmicutes,Clostridia,Clostridiales,Family_XI,Murdochiella,NA
439,ASV_439,Bacteria,Firmicutes,Bacilli,Lactobacillales,Lactobacillaceae,Lactobacillus,NA
440,ASV_440,Bacteria,Firmicutes,Bacilli,Lactobacillales,Lactobacillaceae,Lactobacillus,NA
441,ASV_441,Bacteria,Firmicutes,Bacilli,Lactobacillales,Carnobacteriaceae,Granulicatella,NA
442,ASV_442,Bacteria,Actinobacteria,Actinobacteria,Actinomycetales,Actinomycetaceae,Actinomyces,NA
443,ASV_443,Bacteria,Firmicutes,Clostridia,Clostridiales,Family_XI,Peptoniphilus,NA
444,ASV_444,Bacteria,Actinobacteria,Actinobacteria,Actinomycetales,Actinomycetaceae,Actinotignum,NA
445,ASV_445,Bacteria,Actinobacteria,Actinobacteria,Bifidobacteriales,Bifidobacteriaceae,Gardnerella,NA
446,ASV_446,Bacteria,Actinobacteria,Actinobacteria,Actinomycetales,Actinomycetaceae,Actinomyces,NA
447,ASV_447,Bacteria,Firmicutes,Negativicutes,Selenomonadales,Veillonellaceae,Megasphaera,NA
448,ASV_448,Bacteria,Proteobacteria,Epsilonproteobacteria,Campylobacterales,Campylobacteraceae,Campylobacter,NA
449,ASV_449,Bacteria,Actinobacteria,Actinobacteria,Actinomycetales,Actinomycetaceae,Varibaculum,NA
450,ASV_450,Bacteria,Firmicutes,Bacilli,Lactobacillales,Lactobacillaceae,Lactobacillus,NA
451,ASV_451,Bacteria,Synergistetes,Synergistia,Synergistales,Synergistaceae,Jonquetella,NA
452,ASV_452,Bacteria,Firmicutes,Negativicutes,Selenomonadales,Veillonellaceae,Negativicoccus,NA
453,ASV_453,Bacteria,Firmicutes,Bacilli,Lactobacillales,Streptococcaceae,Streptococcus,NA
454,ASV_454,Bacteria,Proteobacteria,Gammaproteobacteria,Enterobacteriales,Enterobacteriaceae,Escherichia/Shigella,NA
455,ASV_455,Bacteria,Firmicutes,Clostridia,Clostridiales,Family_XI,Ezakiella,NA
456,ASV_456,Bacteria,Actinobacteria,Actinobacteria,Propionibacteriales,Propionibacteriaceae,Propionimicrobium,NA
457,ASV_457,Bacteria,Firmicutes,Clostridia,Clostridiales,Family_XI,Helcococcus,NA
458,ASV_458,Bacteria,Firmicutes,Clostridia,Clostridiales,Family_XI,Anaerococcus,NA
459,ASV_459,Bacteria,Actinobacteria,Actinobacteria,Corynebacteriales,Corynebacteriaceae,Corynebacterium_1,NA
460,ASV_460,Bacteria,Firmicutes,Clostridia,Clostridiales,Family_XI,Finegoldia,NA
461,ASV_461,Bacteria,Firmicutes,Clostridia,Clostridiales,Family_XI,Finegoldia,NA
462,ASV_462,Bacteria,Actinobacteria,Actinobacteria,Actinomycetales,Actinomycetaceae,Varibaculum,NA
463,ASV_463,Bacteria,Bacteroidetes,Bacteroidia,Bacteroidales,Prevotellaceae,Prevotella,NA
464,ASV_464,Bacteria,Firmicutes,Clostridia,Clostridiales,Family_XI,Peptoniphilus,NA
465,ASV_465,Bacteria,Actinobacteria,Coriobacteriia,Coriobacteriales,Coriobacteriaceae,Atopobium,NA
466,ASV_466,Bacteria,Firmicutes,Clostridia,Clostridiales,Family_XI,Peptoniphilus,NA
467,ASV_467,Bacteria,Bacteroidetes,Bacteroidia,Bacteroidales,Porphyromonadaceae,Porphyromonas,NA
468,ASV_468,Bacteria,Firmicutes,Clostridia,Clostridiales,Family_XI,Peptoniphilus,NA
469,ASV_469,Bacteria,Bacteroidetes,Bacteroidia,Bacteroidales,Prevotellaceae,Prevotella_6,NA
470,ASV_470,Bacteria,Firmicutes,Clostridia,Clostridiales,Family_XI,Peptoniphilus,NA
471,ASV_471,Bacteria,Firmicutes,Bacilli,Lactobacillales,Lactobacillaceae,Lactobacillus,NA
472,ASV_472,Bacteria,Actinobacteria,Actinobacteria,Propionibacteriales,Propionibacteriaceae,Propionibacterium,NA
473,ASV_473,Bacteria,Bacteroidetes,Bacteroidia,Bacteroidales,Porphyromonadaceae,Porphyromonas,NA
474,ASV_474,Bacteria,Bacteroidetes,Bacteroidia,Bacteroidales,Prevotellaceae,Prevotella,NA
475,ASV_475,Bacteria,Actinobacteria,Actinobacteria,Corynebacteriales,Corynebacteriaceae,Corynebacterium_1,NA
476,ASV_476,Bacteria,Actinobacteria,Actinobacteria,Corynebacteriales,Corynebacteriaceae,Lawsonella,NA
477,ASV_477,Bacteria,Actinobacteria,Actinobacteria,Actinomycetales,Actinomycetaceae,Varibaculum,NA
478,ASV_478,Bacteria,Bacteroidetes,Bacteroidia,Bacteroidales,Prevotellaceae,Prevotella,NA
479,ASV_479,Bacteria,Firmicutes,Clostridia,Clostridiales,Family_XI,Finegoldia,NA
480,ASV_480,Bacteria,Firmicutes,Clostridia,Clostridiales,Ruminococcaceae,Fastidiosipila,NA
481,ASV_481,Bacteria,Firmicutes,Negativicutes,Selenomonadales,Veillonellaceae,Negativicoccus,NA
482,ASV_482,Bacteria,Proteobacteria,Betaproteobacteria,Neisseriales,Neisseriaceae,Neisseria,NA
483,ASV_483,Bacteria,Actinobacteria,Actinobacteria,Corynebacteriales,Corynebacteriaceae,Lawsonella,NA
484,ASV_484,Bacteria,Cyanobacteria,Chloroplast,NA,NA,NA,NA
485,ASV_485,Bacteria,Actinobacteria,Coriobacteriia,Coriobacteriales,Coriobacteriaceae,Atopobium,NA
486,ASV_486,Bacteria,Actinobacteria,Actinobacteria,Actinomycetales,Actinomycetaceae,Varibaculum,NA
487,ASV_487,Bacteria,Firmicutes,Bacilli,Lactobacillales,Streptococcaceae,Streptococcus,NA
488,ASV_488,Bacteria,Firmicutes,Clostridia,Clostridiales,Family_XI,Anaerococcus,NA
489,ASV_489,Bacteria,Bacteroidetes,Bacteroidia,Bacteroidales,Porphyromonadaceae,Porphyromonas,NA
490,ASV_490,Bacteria,Firmicutes,Clostridia,Clostridiales,Family_XI,Peptoniphilus,NA
491,ASV_491,Bacteria,Firmicutes,Bacilli,Lactobacillales,Lactobacillaceae,Lactobacillus,NA
492,ASV_492,Bacteria,Firmicutes,Clostridia,Clostridiales,Peptostreptococcaceae,Peptostreptococcus,NA
493,ASV_493,Bacteria,Firmicutes,Bacilli,Bacillales,Staphylococcaceae,Staphylococcus,NA
494,ASV_494,Bacteria,Firmicutes,Bacilli,Lactobacillales,Enterococcaceae,Enterococcus,NA
495,ASV_495,Bacteria,Bacteroidetes,Bacteroidia,Bacteroidales,Prevotellaceae,Prevotella,NA
496,ASV_496,Bacteria,Actinobacteria,Coriobacteriia,Coriobacteriales,Coriobacteriaceae,Atopobium,NA
497,ASV_497,Bacteria,Firmicutes,Clostridia,Clostridiales,Family_XI,Peptoniphilus,NA
498,ASV_498,Bacteria,Firmicutes,Bacilli,Lactobacillales,Streptococcaceae,Streptococcus,NA
499,ASV_499,Bacteria,Firmicutes,Bacilli,Lactobacillales,Lactobacillaceae,Lactobacillus,NA
500,ASV_500,Bacteria,Actinobacteria,Actinobacteria,Actinomycetales,Actinomycetaceae,Arcanobacterium,NA
501,ASV_501,Bacteria,Synergistetes,Synergistia,Synergistales,Synergistaceae,Jonquetella,NA
502,ASV_502,Bacteria,Proteobacteria,Gammaproteobacteria,Enterobacteriales,Enterobacteriaceae,NA,NA
503,ASV_503,Bacteria,Actinobacteria,Actinobacteria,Corynebacteriales,Corynebacteriaceae,Lawsonella,NA
504,ASV_504,Bacteria,Firmicutes,Clostridia,Clostridiales,Peptostreptococcaceae,Peptostreptococcus,anaerobius
505,ASV_505,Bacteria,Firmicutes,Bacilli,Bacillales,Staphylococcaceae,Staphylococcus,NA
506,ASV_506,Bacteria,Bacteroidetes,Bacteroidia,Bacteroidales,Prevotellaceae,Prevotella,NA
507,ASV_507,Bacteria,Firmicutes,Clostridia,Clostridiales,Family_XI,Finegoldia,NA
508,ASV_508,Bacteria,Firmicutes,Clostridia,Clostridiales,Family_XI,Anaerococcus,NA
509,ASV_509,Bacteria,Proteobacteria,Gammaproteobacteria,Enterobacteriales,Enterobacteriaceae,Escherichia/Shigella,NA
510,ASV_510,Bacteria,Bacteroidetes,Bacteroidia,Bacteroidales,Porphyromonadaceae,Porphyromonas,NA
511,ASV_511,Bacteria,Bacteroidetes,NA,NA,NA,NA,NA
512,ASV_512,Bacteria,Bacteroidetes,Bacteroidia,Bacteroidales,Rikenellaceae,Rikenellaceae_RC9_gut_group,NA
513,ASV_513,Bacteria,Bacteroidetes,Bacteroidia,Bacteroidales,Prevotellaceae,Prevotella,NA
514,ASV_514,Bacteria,Proteobacteria,Betaproteobacteria,Neisseriales,Neisseriaceae,NA,NA
515,ASV_515,Bacteria,Actinobacteria,Actinobacteria,Propionibacteriales,Propionibacteriaceae,Propionimicrobium,NA
516,ASV_516,Bacteria,Bacteroidetes,Bacteroidia,Bacteroidales,Prevotellaceae,Prevotella,NA
517,ASV_517,Bacteria,Firmicutes,Clostridia,Clostridiales,Family_XI,Anaerococcus,NA
518,ASV_518,Bacteria,Proteobacteria,Epsilonproteobacteria,Campylobacterales,Campylobacteraceae,Campylobacter,NA
519,ASV_519,Bacteria,Firmicutes,Clostridia,Clostridiales,Christensenellaceae,Christensenellaceae_R-7_group,NA
520,ASV_520,Bacteria,Firmicutes,Clostridia,Clostridiales,Family_XI,Peptoniphilus,NA
521,ASV_521,Bacteria,Firmicutes,Clostridia,Clostridiales,Family_XI,Ezakiella,NA
522,ASV_522,Bacteria,Firmicutes,Clostridia,Clostridiales,Family_XI,Peptoniphilus,NA
523,ASV_523,Bacteria,Bacteroidetes,Bacteroidia,Bacteroidales,Prevotellaceae,Prevotella,NA
524,ASV_524,Bacteria,Firmicutes,Clostridia,Clostridiales,Family_XI,Peptoniphilus,NA
525,ASV_525,Bacteria,Actinobacteria,Actinobacteria,Actinomycetales,Actinomycetaceae,Actinomyces,NA
526,ASV_526,Bacteria,Actinobacteria,Actinobacteria,Actinomycetales,Actinomycetaceae,Actinomyces,NA
527,ASV_527,Bacteria,Firmicutes,Clostridia,Clostridiales,Family_XI,Anaerococcus,NA
528,ASV_528,Bacteria,Bacteroidetes,Bacteroidia,Bacteroidales,Porphyromonadaceae,Porphyromonas,NA
529,ASV_529,Bacteria,Bacteroidetes,Bacteroidia,Bacteroidales,Porphyromonadaceae,Porphyromonas,NA
530,ASV_530,Bacteria,Fusobacteria,Fusobacteriia,Fusobacteriales,Fusobacteriaceae,Fusobacterium,NA
531,ASV_531,Bacteria,Tenericutes,Mollicutes,Mycoplasmatales,Mycoplasmataceae,Ureaplasma,NA
532,ASV_532,Bacteria,Firmicutes,Clostridia,Clostridiales,Family_XI,Peptoniphilus,NA
533,ASV_533,Bacteria,Firmicutes,Clostridia,Clostridiales,Family_XI,Peptoniphilus,NA
534,ASV_534,Bacteria,Actinobacteria,Actinobacteria,Actinomycetales,Actinomycetaceae,Varibaculum,NA
535,ASV_535,Bacteria,Actinobacteria,Actinobacteria,Actinomycetales,Actinomycetaceae,Varibaculum,NA
536,ASV_536,Bacteria,Bacteroidetes,Bacteroidia,Bacteroidales,Prevotellaceae,Prevotella_6,NA
537,ASV_537,Bacteria,Firmicutes,Clostridia,Clostridiales,Family_XI,Peptoniphilus,NA
538,ASV_538,Bacteria,Firmicutes,Clostridia,Clostridiales,Family_XI,Ezakiella,NA
539,ASV_539,Bacteria,Firmicutes,Clostridia,Clostridiales,Family_XI,Ezakiella,NA
540,ASV_540,Bacteria,Firmicutes,Clostridia,Clostridiales,Family_XI,Ezakiella,NA
541,ASV_541,Bacteria,Firmicutes,Clostridia,Clostridiales,Family_XI,Ezakiella,NA
542,ASV_542,Bacteria,Bacteroidetes,Bacteroidia,NA,NA,NA,NA
543,ASV_543,Bacteria,Cyanobacteria,Chloroplast,NA,NA,NA,NA
544,ASV_544,Bacteria,Actinobacteria,Actinobacteria,Corynebacteriales,Corynebacteriaceae,Lawsonella,NA
545,ASV_545,Bacteria,Actinobacteria,Actinobacteria,Actinomycetales,Actinomycetaceae,Varibaculum,NA
546,ASV_546,Bacteria,Firmicutes,Clostridia,Clostridiales,Family_XI,NA,NA
547,ASV_547,Bacteria,Firmicutes,Clostridia,Clostridiales,Family_XI,Peptoniphilus,NA
548,ASV_548,Bacteria,Bacteroidetes,Bacteroidia,Bacteroidales,Porphyromonadaceae,Porphyromonas,NA
549,ASV_549,Bacteria,Actinobacteria,Actinobacteria,Actinomycetales,Actinomycetaceae,Actinotignum,NA
550,ASV_550,Bacteria,Firmicutes,Clostridia,Clostridiales,Family_XI,Finegoldia,NA
551,ASV_551,Bacteria,Proteobacteria,Gammaproteobacteria,Pseudomonadales,Pseudomonadaceae,Pseudomonas,NA
552,ASV_552,Bacteria,Firmicutes,Clostridia,Clostridiales,Family_XI,Peptoniphilus,NA
553,ASV_553,Bacteria,Actinobacteria,Coriobacteriia,Coriobacteriales,Coriobacteriaceae,Atopobium,NA
554,ASV_554,Bacteria,Actinobacteria,Actinobacteria,Actinomycetales,Actinomycetaceae,Varibaculum,NA
555,ASV_555,Bacteria,Firmicutes,Clostridia,Clostridiales,Family_XI,Ezakiella,NA
556,ASV_556,Bacteria,Proteobacteria,Epsilonproteobacteria,Campylobacterales,Campylobacteraceae,Campylobacter,NA
557,ASV_557,Bacteria,Actinobacteria,Actinobacteria,Actinomycetales,Actinomycetaceae,Mobiluncus,NA
558,ASV_558,Bacteria,Firmicutes,Clostridia,Clostridiales,Family_XI,Peptoniphilus,NA
559,ASV_559,Bacteria,Actinobacteria,Actinobacteria,Actinomycetales,Actinomycetaceae,Actinomyces,NA
560,ASV_560,Bacteria,Firmicutes,Bacilli,Lactobacillales,Lactobacillaceae,Lactobacillus,NA
561,ASV_561,Bacteria,Firmicutes,Bacilli,Lactobacillales,Aerococcaceae,Facklamia,NA
562,ASV_562,Bacteria,Actinobacteria,Actinobacteria,Corynebacteriales,Corynebacteriaceae,Corynebacterium_1,NA
563,ASV_563,Bacteria,Firmicutes,Clostridia,Clostridiales,Family_XI,NA,NA
564,ASV_564,Bacteria,Bacteroidetes,Bacteroidia,Bacteroidales,Prevotellaceae,Prevotella,NA
565,ASV_565,Bacteria,Firmicutes,Clostridia,Clostridiales,Family_XI,Peptoniphilus,NA
566,ASV_566,Bacteria,Firmicutes,Clostridia,Clostridiales,Family_XI,Ezakiella,NA
567,ASV_567,Bacteria,Firmicutes,Negativicutes,Selenomonadales,Veillonellaceae,Negativicoccus,NA
568,ASV_568,Bacteria,Actinobacteria,Actinobacteria,Actinomycetales,Actinomycetaceae,Actinomyces,NA
569,ASV_569,Bacteria,Firmicutes,Bacilli,Lactobacillales,Lactobacillaceae,Lactobacillus,NA
570,ASV_570,Bacteria,Firmicutes,Bacilli,Lactobacillales,Lactobacillaceae,Lactobacillus,NA
571,ASV_571,Bacteria,Firmicutes,Bacilli,Lactobacillales,Lactobacillaceae,Lactobacillus,NA
572,ASV_572,Bacteria,Bacteroidetes,Bacteroidia,Bacteroidales,Porphyromonadaceae,Porphyromonas,NA
573,ASV_573,Bacteria,Firmicutes,Bacilli,Lactobacillales,Streptococcaceae,Streptococcus,NA
574,ASV_574,Bacteria,Firmicutes,Clostridia,Clostridiales,Family_XI,Finegoldia,NA
575,ASV_575,Bacteria,Proteobacteria,Gammaproteobacteria,Alteromonadales,Alteromonadaceae,Alishewanella,NA
576,ASV_576,Bacteria,Firmicutes,Clostridia,Clostridiales,Family_XI,NA,NA
577,ASV_577,Bacteria,Actinobacteria,Coriobacteriia,Coriobacteriales,Coriobacteriaceae,Atopobium,NA
578,ASV_578,Bacteria,Firmicutes,Clostridia,Clostridiales,Family_XI,Peptoniphilus,NA
579,ASV_579,Bacteria,Firmicutes,Clostridia,Clostridiales,Family_XI,Murdochiella,NA
580,ASV_580,Bacteria,Firmicutes,Clostridia,Clostridiales,Family_XI,NA,NA
581,ASV_581,Bacteria,Firmicutes,Clostridia,Clostridiales,Family_XI,Peptoniphilus,NA
582,ASV_582,Bacteria,Firmicutes,Negativicutes,Selenomonadales,Veillonellaceae,Negativicoccus,NA
583,ASV_583,Bacteria,Actinobacteria,Actinobacteria,Propionibacteriales,Propionibacteriaceae,Propionimicrobium,NA
584,ASV_584,Bacteria,Actinobacteria,Actinobacteria,Actinomycetales,Actinomycetaceae,Actinomyces,NA
585,ASV_585,Bacteria,Actinobacteria,Actinobacteria,Actinomycetales,Actinomycetaceae,Actinomyces,NA
586,ASV_586,Bacteria,Synergistetes,Synergistia,Synergistales,Synergistaceae,Pyramidobacter,NA
587,ASV_587,Bacteria,Firmicutes,Bacilli,Lactobacillales,Aerococcaceae,Facklamia,NA
588,ASV_588,Bacteria,Bacteroidetes,Bacteroidia,Bacteroidales,Prevotellaceae,Prevotella_6,NA
589,ASV_589,Bacteria,Bacteroidetes,Bacteroidia,Bacteroidales,Porphyromonadaceae,Porphyromonas,NA
590,ASV_590,Bacteria,Proteobacteria,Gammaproteobacteria,Pasteurellales,Pasteurellaceae,Haemophilus,NA
591,ASV_591,Bacteria,Firmicutes,Clostridia,Clostridiales,Family_XI,Peptoniphilus,NA
592,ASV_592,Bacteria,Actinobacteria,Actinobacteria,Corynebacteriales,Corynebacteriaceae,Lawsonella,NA
593,ASV_593,Bacteria,Firmicutes,Bacilli,Bacillales,Staphylococcaceae,Staphylococcus,NA
594,ASV_594,Bacteria,Firmicutes,Bacilli,Bacillales,Staphylococcaceae,Staphylococcus,NA
595,ASV_595,Bacteria,Actinobacteria,Actinobacteria,Actinomycetales,Actinomycetaceae,Varibaculum,NA
596,ASV_596,Bacteria,Actinobacteria,Actinobacteria,Actinomycetales,Actinomycetaceae,Actinotignum,NA
597,ASV_597,Bacteria,Firmicutes,Clostridia,Clostridiales,Family_XI,Peptoniphilus,NA
598,ASV_598,Bacteria,Firmicutes,Clostridia,Clostridiales,Family_XI,Ezakiella,NA
599,ASV_599,Bacteria,Firmicutes,Bacilli,Lactobacillales,Lactobacillaceae,Lactobacillus,NA
600,ASV_600,Bacteria,Actinobacteria,Actinobacteria,Corynebacteriales,Corynebacteriaceae,Corynebacterium_1,NA
601,ASV_601,Bacteria,Firmicutes,Clostridia,Clostridiales,Ruminococcaceae,Fastidiosipila,NA
602,ASV_602,Bacteria,Firmicutes,Negativicutes,Selenomonadales,Veillonellaceae,Dialister,NA
603,ASV_603,Bacteria,Proteobacteria,Epsilonproteobacteria,Campylobacterales,Campylobacteraceae,Campylobacter,NA
604,ASV_604,Bacteria,Bacteroidetes,Bacteroidia,Bacteroidales,Prevotellaceae,Alloprevotella,NA
605,ASV_605,Bacteria,Firmicutes,Bacilli,Bacillales,Staphylococcaceae,Staphylococcus,NA
606,ASV_606,Bacteria,Firmicutes,Clostridia,Clostridiales,Family_XI,Peptoniphilus,NA
607,ASV_607,Bacteria,Firmicutes,Clostridia,Clostridiales,Family_XI,Peptoniphilus,NA
608,ASV_608,Bacteria,Firmicutes,Clostridia,Clostridiales,Peptococcaceae,Peptococcus,NA
609,ASV_609,Bacteria,Firmicutes,Clostridia,Clostridiales,Family_XI,NA,NA
610,ASV_610,Bacteria,Bacteroidetes,Bacteroidia,Bacteroidales,Prevotellaceae,Prevotella_6,NA
611,ASV_611,Bacteria,Firmicutes,Clostridia,Clostridiales,Family_XI,Peptoniphilus,NA
612,ASV_612,Bacteria,Firmicutes,Clostridia,Clostridiales,Family_XI,Peptoniphilus,NA
613,ASV_613,Bacteria,Firmicutes,Clostridia,Clostridiales,Family_XI,Peptoniphilus,NA
614,ASV_614,Bacteria,Actinobacteria,Coriobacteriia,Coriobacteriales,Coriobacteriaceae,NA,NA
615,ASV_615,Bacteria,Actinobacteria,Actinobacteria,Micrococcales,Dermabacteraceae,Dermabacter,NA
616,ASV_616,Bacteria,Firmicutes,Bacilli,Lactobacillales,Lactobacillaceae,Lactobacillus,NA
617,ASV_617,Bacteria,Firmicutes,Bacilli,Lactobacillales,Lactobacillaceae,Lactobacillus,NA
618,ASV_618,Bacteria,Proteobacteria,Gammaproteobacteria,Pasteurellales,Pasteurellaceae,Haemophilus,NA
619,ASV_619,Bacteria,Firmicutes,Clostridia,Clostridiales,Family_XI,Murdochiella,NA
620,ASV_620,Bacteria,Firmicutes,Clostridia,Clostridiales,Family_XI,Murdochiella,NA
621,ASV_621,Bacteria,Bacteroidetes,Bacteroidia,Bacteroidales,Porphyromonadaceae,Porphyromonas,NA
622,ASV_622,Bacteria,Bacteroidetes,Bacteroidia,Bacteroidales,Prevotellaceae,Prevotella_6,NA
623,ASV_623,Bacteria,Bacteroidetes,Bacteroidia,Bacteroidales,Prevotellaceae,Prevotella,NA
624,ASV_624,Bacteria,Bacteroidetes,Bacteroidia,Bacteroidales,Prevotellaceae,Prevotella,NA
625,ASV_625,Bacteria,Bacteroidetes,Bacteroidia,Bacteroidales,Prevotellaceae,Prevotella,NA
626,ASV_626,Bacteria,Firmicutes,Bacilli,Lactobacillales,Lactobacillaceae,Lactobacillus,NA
627,ASV_627,Bacteria,Firmicutes,Clostridia,Clostridiales,Peptostreptococcaceae,Peptostreptococcus,NA
628,ASV_628,Bacteria,Actinobacteria,Actinobacteria,Micrococcales,Brevibacteriaceae,Brevibacterium,NA
629,ASV_629,Bacteria,Actinobacteria,Actinobacteria,Corynebacteriales,Corynebacteriaceae,Lawsonella,NA
630,ASV_630,Bacteria,Bacteroidetes,Bacteroidia,Bacteroidales,Prevotellaceae,Prevotella_6,NA
631,ASV_631,Bacteria,Firmicutes,Clostridia,Clostridiales,Family_XI,Peptoniphilus,NA
632,ASV_632,Bacteria,Firmicutes,Negativicutes,Selenomonadales,Veillonellaceae,Negativicoccus,NA
633,ASV_633,Bacteria,Firmicutes,Bacilli,Lactobacillales,Lactobacillaceae,Lactobacillus,NA
634,ASV_634,Bacteria,Firmicutes,Bacilli,Lactobacillales,Lactobacillaceae,Lactobacillus,NA
635,ASV_635,Bacteria,Firmicutes,Clostridia,Clostridiales,Ruminococcaceae,Faecalibacterium,NA
636,ASV_636,Bacteria,Actinobacteria,Actinobacteria,Propionibacteriales,Propionibacteriaceae,Propionibacterium,NA
637,ASV_637,Bacteria,Bacteroidetes,Bacteroidia,Bacteroidales,Porphyromonadaceae,Porphyromonas,NA
638,ASV_638,Bacteria,Bacteroidetes,Bacteroidia,Bacteroidales,Prevotellaceae,Prevotella,NA
639,ASV_639,Bacteria,Firmicutes,Clostridia,Clostridiales,Family_XI,Anaerococcus,NA
640,ASV_640,Bacteria,Tenericutes,Mollicutes,Mycoplasmatales,Mycoplasmataceae,Ureaplasma,NA
641,ASV_641,Bacteria,Firmicutes,Clostridia,Clostridiales,Lachnospiraceae,NA,NA
642,ASV_642,Bacteria,Firmicutes,Clostridia,Clostridiales,Family_XI,Murdochiella,NA
643,ASV_643,Bacteria,Firmicutes,Clostridia,Clostridiales,Family_XI,Ezakiella,NA
644,ASV_644,Bacteria,Actinobacteria,NA,NA,NA,NA,NA
645,ASV_645,Bacteria,Firmicutes,Clostridia,Clostridiales,Family_XI,Ezakiella,NA
646,ASV_646,Bacteria,Actinobacteria,Actinobacteria,Actinomycetales,Actinomycetaceae,Actinomyces,NA
647,ASV_647,Bacteria,Firmicutes,Clostridia,Clostridiales,Family_XI,NA,NA
648,ASV_648,Bacteria,Firmicutes,Bacilli,Lactobacillales,Lactobacillaceae,Lactobacillus,NA
649,ASV_649,Bacteria,Synergistetes,Synergistia,Synergistales,Synergistaceae,Pyramidobacter,NA
650,ASV_650,Bacteria,Bacteroidetes,Bacteroidia,Bacteroidales,Prevotellaceae,Prevotella,NA
651,ASV_651,Bacteria,Actinobacteria,Actinobacteria,Bifidobacteriales,Bifidobacteriaceae,Gardnerella,NA
652,ASV_652,Bacteria,Firmicutes,Bacilli,Bacillales,Staphylococcaceae,Staphylococcus,NA
653,ASV_653,Bacteria,Proteobacteria,Alphaproteobacteria,Rhodobacterales,Rhodobacteraceae,Paracoccus,NA
654,ASV_654,Bacteria,Firmicutes,Clostridia,Clostridiales,Family_XI,Peptoniphilus,NA
655,ASV_655,Bacteria,Firmicutes,Clostridia,Clostridiales,Family_XI,Peptoniphilus,NA
656,ASV_656,Bacteria,Bacteroidetes,Bacteroidia,Bacteroidales,Prevotellaceae,Prevotella,NA
657,ASV_657,Bacteria,Bacteroidetes,Bacteroidia,Bacteroidales,Rikenellaceae,Rikenellaceae_RC9_gut_group,NA
658,ASV_658,Bacteria,Firmicutes,Clostridia,Clostridiales,Lachnospiraceae,Howardella,NA
659,ASV_659,Bacteria,Firmicutes,Clostridia,Clostridiales,Family_XI,Peptoniphilus,NA
660,ASV_660,Bacteria,Firmicutes,Clostridia,Clostridiales,Family_XI,Peptoniphilus,NA
661,ASV_661,Bacteria,Actinobacteria,Actinobacteria,Actinomycetales,Actinomycetaceae,Actinomyces,NA
662,ASV_662,Bacteria,Bacteroidetes,Bacteroidia,Bacteroidales,Porphyromonadaceae,Porphyromonas,NA
663,ASV_663,Bacteria,Firmicutes,Clostridia,Clostridiales,Family_XI,Anaerococcus,NA
664,ASV_664,Bacteria,Bacteroidetes,Bacteroidia,Bacteroidales,Porphyromonadaceae,Porphyromonas,NA
665,ASV_665,Bacteria,Bacteroidetes,Bacteroidia,Bacteroidales,Porphyromonadaceae,Porphyromonas,NA
666,ASV_666,Bacteria,Actinobacteria,Coriobacteriia,Coriobacteriales,Coriobacteriaceae,Atopobium,NA
667,ASV_667,Bacteria,Firmicutes,Clostridia,Clostridiales,Family_XI,Peptoniphilus,NA
668,ASV_668,Bacteria,Bacteroidetes,Bacteroidia,Bacteroidales,Prevotellaceae,Prevotella,NA
669,ASV_669,Bacteria,Firmicutes,Clostridia,Clostridiales,Family_XI,Peptoniphilus,NA
670,ASV_670,Bacteria,Firmicutes,Clostridia,Clostridiales,Peptococcaceae,Peptococcus,NA
671,ASV_671,Bacteria,Firmicutes,Bacilli,Lactobacillales,Lactobacillaceae,Lactobacillus,NA
672,ASV_672,Bacteria,Firmicutes,Clostridia,Clostridiales,Family_XI,Ezakiella,NA
673,ASV_673,Bacteria,Firmicutes,Clostridia,Clostridiales,Family_XI,Peptoniphilus,NA
674,ASV_674,Bacteria,Firmicutes,Clostridia,Clostridiales,Family_XI,Peptoniphilus,NA
675,ASV_675,Bacteria,Actinobacteria,Actinobacteria,Corynebacteriales,Corynebacteriaceae,Corynebacterium,NA
676,ASV_676,Bacteria,Firmicutes,Clostridia,Clostridiales,Family_XI,Ezakiella,NA
677,ASV_677,Bacteria,Firmicutes,Bacilli,Lactobacillales,Lactobacillaceae,Lactobacillus,NA
678,ASV_678,Bacteria,Firmicutes,Bacilli,Lactobacillales,Lactobacillaceae,Lactobacillus,NA
679,ASV_679,Bacteria,Bacteroidetes,Bacteroidia,Bacteroidales,Porphyromonadaceae,Porphyromonas,NA
680,ASV_680,Bacteria,Bacteroidetes,Bacteroidia,Bacteroidales,Bacteroidaceae,Bacteroides,NA
681,ASV_681,Bacteria,Actinobacteria,Actinobacteria,Actinomycetales,Actinomycetaceae,Arcanobacterium,NA
682,ASV_682,Bacteria,Firmicutes,Clostridia,Clostridiales,NA,NA,NA
683,ASV_683,Bacteria,Bacteroidetes,Bacteroidia,Bacteroidales,Prevotellaceae,Prevotella,NA
684,ASV_684,Bacteria,Firmicutes,Clostridia,Clostridiales,Family_XI,NA,NA
685,ASV_685,Bacteria,Bacteroidetes,Bacteroidia,Bacteroidales,Prevotellaceae,Prevotella,NA
686,ASV_686,Bacteria,Bacteroidetes,Bacteroidia,Bacteroidales,Porphyromonadaceae,Porphyromonas,NA
687,ASV_687,Bacteria,Bacteroidetes,Bacteroidia,Bacteroidales,Porphyromonadaceae,Porphyromonas,NA
688,ASV_688,Bacteria,Firmicutes,Bacilli,Bacillales,Family_XI,Gemella,NA
689,ASV_689,Bacteria,Actinobacteria,Actinobacteria,Actinomycetales,Actinomycetaceae,Varibaculum,NA
690,ASV_690,Bacteria,Actinobacteria,Actinobacteria,Actinomycetales,Actinomycetaceae,Varibaculum,NA
691,ASV_691,Bacteria,Bacteroidetes,Bacteroidia,Bacteroidales,Prevotellaceae,Prevotella,NA
692,ASV_692,Bacteria,Firmicutes,Clostridia,Clostridiales,Family_XI,Peptoniphilus,NA
693,ASV_693,Bacteria,Firmicutes,Clostridia,Clostridiales,Family_XI,Peptoniphilus,NA
694,ASV_694,Bacteria,Firmicutes,Negativicutes,Selenomonadales,Veillonellaceae,Veillonella,NA
695,ASV_695,Bacteria,Actinobacteria,Actinobacteria,Actinomycetales,Actinomycetaceae,Actinotignum,NA
696,ASV_696,Bacteria,Firmicutes,Clostridia,Clostridiales,Family_XI,Anaerococcus,NA
697,ASV_697,Bacteria,Firmicutes,Bacilli,Lactobacillales,Lactobacillaceae,Lactobacillus,NA
698,ASV_698,Bacteria,Bacteroidetes,Bacteroidia,Bacteroidales,Prevotellaceae,Prevotella_6,NA
699,ASV_699,Bacteria,Firmicutes,Clostridia,Clostridiales,Family_XI,Murdochiella,NA
700,ASV_700,Bacteria,Actinobacteria,Actinobacteria,Corynebacteriales,Corynebacteriaceae,Lawsonella,NA
701,ASV_701,Bacteria,Firmicutes,Bacilli,Lactobacillales,Lactobacillaceae,Lactobacillus,NA
702,ASV_702,Bacteria,Proteobacteria,Epsilonproteobacteria,Campylobacterales,Campylobacteraceae,Campylobacter,NA
703,ASV_703,Bacteria,Firmicutes,Bacilli,Lactobacillales,Aerococcaceae,Facklamia,NA
704,ASV_704,Bacteria,Actinobacteria,Actinobacteria,Corynebacteriales,Corynebacteriaceae,Corynebacterium_1,NA
705,ASV_705,Bacteria,Firmicutes,Clostridia,Clostridiales,Ruminococcaceae,Fastidiosipila,NA
706,ASV_706,Bacteria,Bacteroidetes,Bacteroidia,Bacteroidales,Prevotellaceae,Prevotella_6,NA
707,ASV_707,Bacteria,Bacteroidetes,Bacteroidia,Bacteroidales,Prevotellaceae,Prevotella,NA
708,ASV_708,Bacteria,Firmicutes,Clostridia,Clostridiales,Family_XI,Ezakiella,NA
709,ASV_709,Bacteria,Firmicutes,Bacilli,Lactobacillales,Lactobacillaceae,Lactobacillus,NA
710,ASV_710,Bacteria,Actinobacteria,Actinobacteria,Micrococcales,Microbacteriaceae,Zimmermannella,NA
711,ASV_711,Bacteria,Proteobacteria,Betaproteobacteria,Neisseriales,Neisseriaceae,Neisseria,NA
712,ASV_712,Bacteria,Firmicutes,Clostridia,Clostridiales,Family_XI,Murdochiella,NA
713,ASV_713,Bacteria,Actinobacteria,Coriobacteriia,Coriobacteriales,Coriobacteriaceae,NA,NA
714,ASV_714,Bacteria,Firmicutes,Negativicutes,Selenomonadales,Veillonellaceae,Veillonella,NA
715,ASV_715,Bacteria,Firmicutes,Clostridia,Clostridiales,Family_XI,Anaerococcus,NA
716,ASV_716,Bacteria,Actinobacteria,Actinobacteria,Micrococcales,Micrococcaceae,Paeniglutamicibacter,NA
717,ASV_717,Bacteria,Synergistetes,Synergistia,Synergistales,Synergistaceae,Pyramidobacter,NA
718,ASV_718,Bacteria,Actinobacteria,Actinobacteria,Actinomycetales,Actinomycetaceae,Varibaculum,NA
719,ASV_719,Bacteria,Actinobacteria,Actinobacteria,Actinomycetales,Actinomycetaceae,Varibaculum,NA
720,ASV_720,Bacteria,Actinobacteria,Actinobacteria,Actinomycetales,Actinomycetaceae,Varibaculum,NA
721,ASV_721,Bacteria,Firmicutes,Bacilli,Lactobacillales,Enterococcaceae,Enterococcus,NA
722,ASV_722,Bacteria,Actinobacteria,Actinobacteria,Actinomycetales,Actinomycetaceae,Varibaculum,NA
723,ASV_723,Bacteria,NA,NA,NA,NA,NA,NA
724,ASV_724,Bacteria,Actinobacteria,Actinobacteria,Corynebacteriales,Corynebacteriaceae,Corynebacterium,NA
725,ASV_725,Bacteria,Firmicutes,Clostridia,Clostridiales,Lachnospiraceae,Howardella,NA
726,ASV_726,Bacteria,Bacteroidetes,Bacteroidia,Bacteroidales,Prevotellaceae,Prevotella_6,NA
727,ASV_727,Bacteria,Firmicutes,Negativicutes,Selenomonadales,Veillonellaceae,Negativicoccus,NA
728,ASV_728,Bacteria,Proteobacteria,Gammaproteobacteria,Enterobacteriales,Enterobacteriaceae,Escherichia/Shigella,NA
729,ASV_729,Bacteria,Fusobacteria,Fusobacteriia,Fusobacteriales,Fusobacteriaceae,Fusobacterium,NA
730,ASV_730,Bacteria,Firmicutes,Clostridia,Clostridiales,Ruminococcaceae,Fastidiosipila,NA
731,ASV_731,Bacteria,Firmicutes,Clostridia,Clostridiales,Ruminococcaceae,Fastidiosipila,NA
732,ASV_732,Bacteria,Firmicutes,Bacilli,Lactobacillales,Lactobacillaceae,Lactobacillus,NA
733,ASV_733,Bacteria,Firmicutes,Bacilli,Lactobacillales,Lactobacillaceae,Lactobacillus,NA
734,ASV_734,Bacteria,Actinobacteria,Actinobacteria,Bifidobacteriales,Bifidobacteriaceae,Gardnerella,NA
735,ASV_735,Bacteria,Firmicutes,Clostridia,Clostridiales,Family_XI,Anaerococcus,NA
736,ASV_736,Bacteria,Firmicutes,Bacilli,Lactobacillales,NA,NA,NA
737,ASV_737,Bacteria,Fusobacteria,Fusobacteriia,Fusobacteriales,Fusobacteriaceae,Fusobacterium,NA
738,ASV_738,Bacteria,Actinobacteria,Actinobacteria,Actinomycetales,Actinomycetaceae,Varibaculum,NA
739,ASV_739,Bacteria,Actinobacteria,Actinobacteria,Actinomycetales,Actinomycetaceae,Varibaculum,NA
740,ASV_740,Bacteria,Firmicutes,Clostridia,Clostridiales,Family_XI,Anaerococcus,NA
741,ASV_741,Bacteria,Actinobacteria,Actinobacteria,Corynebacteriales,Corynebacteriaceae,Corynebacterium,NA
742,ASV_742,Bacteria,Firmicutes,Clostridia,Clostridiales,Family_XI,Anaerococcus,NA
743,ASV_743,Bacteria,Bacteroidetes,NA,NA,NA,NA,NA
744,ASV_744,Bacteria,Bacteroidetes,Bacteroidia,Bacteroidales,Prevotellaceae,Prevotella_6,NA
745,ASV_745,Bacteria,Firmicutes,Bacilli,Lactobacillales,NA,NA,NA
746,ASV_746,Bacteria,Actinobacteria,Actinobacteria,Actinomycetales,Actinomycetaceae,Actinomyces,NA
747,ASV_747,Bacteria,Firmicutes,Bacilli,Lactobacillales,Lactobacillaceae,Lactobacillus,NA
748,ASV_748,Bacteria,Firmicutes,Bacilli,Lactobacillales,Lactobacillaceae,Lactobacillus,NA
749,ASV_749,Bacteria,Firmicutes,Negativicutes,Selenomonadales,Veillonellaceae,Dialister,NA
750,ASV_750,Bacteria,Firmicutes,Clostridia,Clostridiales,Family_XI,Murdochiella,NA
751,ASV_751,Bacteria,Firmicutes,Bacilli,Lactobacillales,NA,NA,NA
752,ASV_752,Bacteria,Firmicutes,Bacilli,Lactobacillales,NA,NA,NA
753,ASV_753,Bacteria,Firmicutes,Bacilli,Lactobacillales,Aerococcaceae,Facklamia,NA
754,ASV_754,Bacteria,Firmicutes,Clostridia,Clostridiales,Family_XI,Anaerococcus,NA
755,ASV_755,Bacteria,Firmicutes,Clostridia,Clostridiales,Ruminococcaceae,Ruminococcaceae_UCG-014,NA
756,ASV_756,Bacteria,Firmicutes,Clostridia,Clostridiales,Family_XI,Helcococcus,NA
757,ASV_757,Bacteria,Firmicutes,Clostridia,Clostridiales,Family_XI,Anaerococcus,NA
758,ASV_758,Bacteria,Firmicutes,Clostridia,Clostridiales,Family_XI,Anaerococcus,NA
759,ASV_759,Bacteria,Firmicutes,Bacilli,Lactobacillales,NA,NA,NA
760,ASV_760,Bacteria,Actinobacteria,Actinobacteria,Propionibacteriales,Propionibacteriaceae,Propionimicrobium,NA
761,ASV_761,Bacteria,Bacteroidetes,Bacteroidia,Bacteroidales,Prevotellaceae,Prevotella,NA
762,ASV_762,Bacteria,Actinobacteria,Actinobacteria,Bifidobacteriales,Bifidobacteriaceae,Gardnerella,NA
763,ASV_763,Bacteria,Firmicutes,Clostridia,Clostridiales,Family_XI,Anaerococcus,NA
764,ASV_764,Bacteria,Firmicutes,Bacilli,Lactobacillales,Lactobacillaceae,Lactobacillus,NA
765,ASV_765,Bacteria,Actinobacteria,Actinobacteria,Actinomycetales,Actinomycetaceae,Varibaculum,NA
766,ASV_766,Bacteria,Actinobacteria,Actinobacteria,Actinomycetales,Actinomycetaceae,Varibaculum,NA
767,ASV_767,Bacteria,Actinobacteria,Actinobacteria,Actinomycetales,Actinomycetaceae,Varibaculum,NA
768,ASV_768,Bacteria,Firmicutes,Clostridia,Clostridiales,Family_XI,Anaerococcus,NA
769,ASV_769,Bacteria,Actinobacteria,Actinobacteria,Corynebacteriales,Corynebacteriaceae,Turicella,NA
770,ASV_770,Bacteria,Firmicutes,Negativicutes,Selenomonadales,Veillonellaceae,Negativicoccus,NA
771,ASV_771,Bacteria,Firmicutes,Bacilli,Lactobacillales,NA,NA,NA
772,ASV_772,Bacteria,Bacteroidetes,Bacteroidia,Bacteroidales,Porphyromonadaceae,Porphyromonas,NA
773,ASV_773,Bacteria,Firmicutes,Bacilli,Lactobacillales,Lactobacillaceae,Lactobacillus,NA
774,ASV_774,Bacteria,Firmicutes,Bacilli,Lactobacillales,Lactobacillaceae,Lactobacillus,NA
775,ASV_775,Bacteria,Bacteroidetes,Bacteroidia,Bacteroidales,Prevotellaceae,Prevotella,NA
776,ASV_776,Bacteria,Bacteroidetes,Bacteroidia,Bacteroidales,Prevotellaceae,Prevotella,NA
777,ASV_777,Bacteria,Actinobacteria,Actinobacteria,Corynebacteriales,Corynebacteriaceae,Turicella,NA
778,ASV_778,Bacteria,Synergistetes,Synergistia,Synergistales,Synergistaceae,Fretibacterium,NA
779,ASV_779,Bacteria,Actinobacteria,Coriobacteriia,Coriobacteriales,Coriobacteriaceae,NA,NA
780,ASV_780,Bacteria,Actinobacteria,Actinobacteria,Actinomycetales,Actinomycetaceae,Actinomyces,NA
781,ASV_781,Bacteria,Proteobacteria,Alphaproteobacteria,Rickettsiales,Mitochondria,NA,NA
782,ASV_782,Bacteria,Firmicutes,Negativicutes,Selenomonadales,Veillonellaceae,Megasphaera,NA
783,ASV_783,Bacteria,Firmicutes,Bacilli,Lactobacillales,NA,NA,NA
784,ASV_784,Bacteria,Firmicutes,Bacilli,Lactobacillales,Lactobacillaceae,Lactobacillus,NA
785,ASV_785,Bacteria,Firmicutes,Bacilli,Lactobacillales,Lactobacillaceae,Lactobacillus,NA
786,ASV_786,Bacteria,Firmicutes,Bacilli,Lactobacillales,Lactobacillaceae,Lactobacillus,NA
787,ASV_787,Bacteria,Firmicutes,Clostridia,Clostridiales,Family_XI,Ezakiella,NA
788,ASV_788,Bacteria,Firmicutes,Clostridia,Clostridiales,Family_XI,NA,NA
789,ASV_789,Bacteria,Actinobacteria,Actinobacteria,Actinomycetales,Actinomycetaceae,Varibaculum,NA
790,ASV_790,Bacteria,Actinobacteria,Actinobacteria,Actinomycetales,Actinomycetaceae,Varibaculum,NA
791,ASV_791,Bacteria,Firmicutes,Clostridia,Clostridiales,Family_XI,Finegoldia,NA
792,ASV_792,Bacteria,Firmicutes,Clostridia,Clostridiales,Family_XI,Peptoniphilus,NA
793,ASV_793,Bacteria,Firmicutes,Bacilli,Lactobacillales,NA,NA,NA
794,ASV_794,Bacteria,Firmicutes,Clostridia,Clostridiales,Family_XI,Helcococcus,NA
795,ASV_795,Bacteria,Firmicutes,Bacilli,Bacillales,Bacillaceae,Caldalkalibacillus,NA
796,ASV_796,Bacteria,Actinobacteria,Actinobacteria,Bifidobacteriales,Bifidobacteriaceae,Gardnerella,NA
797,ASV_797,Bacteria,Firmicutes,Clostridia,Clostridiales,NA,NA,NA
798,ASV_798,Bacteria,Firmicutes,Clostridia,Clostridiales,NA,NA,NA
799,ASV_799,Bacteria,Firmicutes,Clostridia,Clostridiales,Family_XI,NA,NA
800,ASV_800,Bacteria,Bacteroidetes,NA,NA,NA,NA,NA
801,ASV_801,Bacteria,Actinobacteria,Actinobacteria,Actinomycetales,Actinomycetaceae,Varibaculum,NA
802,ASV_802,Bacteria,Firmicutes,Clostridia,Clostridiales,Family_XI,Murdochiella,NA
803,ASV_803,Bacteria,Firmicutes,Negativicutes,Selenomonadales,Veillonellaceae,NA,NA
804,ASV_804,Bacteria,Firmicutes,Clostridia,Clostridiales,Family_XI,NA,NA
805,ASV_805,Bacteria,Actinobacteria,Actinobacteria,Actinomycetales,Actinomycetaceae,Mobiluncus,NA
806,ASV_806,Bacteria,Firmicutes,Clostridia,Clostridiales,Family_XI,Finegoldia,NA
807,ASV_807,Bacteria,Actinobacteria,Actinobacteria,Corynebacteriales,Corynebacteriaceae,Turicella,NA
808,ASV_808,Bacteria,Actinobacteria,Actinobacteria,Corynebacteriales,Corynebacteriaceae,Turicella,NA
809,ASV_809,Bacteria,Firmicutes,Bacilli,Bacillales,Bacillaceae,Bacillus,NA
810,ASV_810,Bacteria,Actinobacteria,Coriobacteriia,Coriobacteriales,Coriobacteriaceae,NA,NA
811,ASV_811,Bacteria,Firmicutes,Clostridia,Clostridiales,Family_XI,Peptoniphilus,NA
812,ASV_812,Bacteria,Firmicutes,Bacilli,Lactobacillales,Lactobacillaceae,Lactobacillus,NA
813,ASV_813,Bacteria,Firmicutes,Bacilli,Lactobacillales,NA,NA,NA
814,ASV_814,Bacteria,Firmicutes,Bacilli,NA,NA,NA,NA
815,ASV_815,Bacteria,Firmicutes,Clostridia,Clostridiales,Family_XI,Helcococcus,NA
816,ASV_816,Bacteria,Proteobacteria,Gammaproteobacteria,Xanthomonadales,Xanthomonadaceae,NA,NA
817,ASV_817,Bacteria,Actinobacteria,Actinobacteria,Propionibacteriales,Nocardioidaceae,Aeromicrobium,NA
818,ASV_818,Bacteria,Firmicutes,Clostridia,Clostridiales,Lachnospiraceae,NA,NA
819,ASV_819,Bacteria,Firmicutes,Clostridia,Clostridiales,NA,NA,NA
820,ASV_820,Bacteria,Firmicutes,Bacilli,Lactobacillales,Streptococcaceae,Streptococcus,NA
821,ASV_821,Bacteria,Firmicutes,Bacilli,Lactobacillales,NA,NA,NA
822,ASV_822,Bacteria,Firmicutes,Clostridia,Clostridiales,Family_XI,NA,NA
823,ASV_823,Bacteria,Firmicutes,Clostridia,Clostridiales,Family_XI,Peptoniphilus,NA
824,ASV_824,Bacteria,Firmicutes,Clostridia,Clostridiales,Family_XI,Peptoniphilus,NA
825,ASV_825,Bacteria,Firmicutes,Clostridia,Clostridiales,Family_XI,NA,NA
826,ASV_826,Bacteria,Bacteroidetes,Bacteroidia,Bacteroidales,Prevotellaceae,Prevotella_6,NA
827,ASV_827,Bacteria,Firmicutes,Clostridia,Clostridiales,NA,NA,NA
828,ASV_828,Bacteria,Bacteroidetes,Bacteroidia,Bacteroidales,Prevotellaceae,Prevotella_6,NA
829,ASV_829,Bacteria,Firmicutes,Clostridia,Clostridiales,Family_XI,NA,NA
830,ASV_830,Bacteria,Proteobacteria,Epsilonproteobacteria,NA,NA,NA,NA
831,ASV_831,Bacteria,Bacteroidetes,Bacteroidia,Bacteroidales,Prevotellaceae,Prevotella_6,NA
832,ASV_832,Bacteria,Firmicutes,Clostridia,Clostridiales,Family_XI,NA,NA
833,ASV_833,Bacteria,Bacteroidetes,Bacteroidia,Bacteroidales,Prevotellaceae,Prevotella_6,NA
834,ASV_834,Bacteria,Proteobacteria,Epsilonproteobacteria,Campylobacterales,Campylobacteraceae,Campylobacter,NA
835,ASV_835,Bacteria,Actinobacteria,Actinobacteria,Corynebacteriales,Corynebacteriaceae,Turicella,NA
836,ASV_836,Bacteria,Actinobacteria,Actinobacteria,Corynebacteriales,Corynebacteriaceae,Turicella,NA
837,ASV_837,Bacteria,Firmicutes,Clostridia,Clostridiales,Family_XI,Ezakiella,NA
838,ASV_838,Bacteria,Firmicutes,Clostridia,Clostridiales,Family_XI,Ezakiella,NA
839,ASV_839,Bacteria,Actinobacteria,Actinobacteria,Corynebacteriales,Corynebacteriaceae,Turicella,NA
840,ASV_840,Bacteria,Actinobacteria,Actinobacteria,Corynebacteriales,Corynebacteriaceae,Turicella,NA
841,ASV_841,Bacteria,Firmicutes,Clostridia,Clostridiales,Family_XI,Peptoniphilus,NA
842,ASV_842,Bacteria,Firmicutes,Clostridia,Clostridiales,Family_XI,Finegoldia,NA
843,ASV_843,Bacteria,Firmicutes,Clostridia,Clostridiales,Family_XI,Peptoniphilus,NA
844,ASV_844,Bacteria,Firmicutes,Clostridia,Clostridiales,Family_XI,Finegoldia,NA
845,ASV_845,Bacteria,Bacteroidetes,Bacteroidia,Bacteroidales,Porphyromonadaceae,Porphyromonas,NA
846,ASV_846,Bacteria,Firmicutes,Clostridia,Clostridiales,Family_XI,Peptoniphilus,NA
847,ASV_847,Bacteria,Firmicutes,Bacilli,Lactobacillales,NA,NA,NA
848,ASV_848,Bacteria,Firmicutes,Bacilli,Lactobacillales,Carnobacteriaceae,Atopobacter,NA
849,ASV_849,Bacteria,Firmicutes,Bacilli,Lactobacillales,NA,NA,NA
850,ASV_850,Bacteria,Firmicutes,Clostridia,Clostridiales,Family_XI,Finegoldia,NA
851,ASV_851,Bacteria,Bacteroidetes,Bacteroidia,Bacteroidales,Porphyromonadaceae,Parabacteroides,NA
852,ASV_852,Bacteria,Tenericutes,Mollicutes,Mycoplasmatales,Mycoplasmataceae,Ureaplasma,NA
853,ASV_853,Bacteria,NA,NA,NA,NA,NA,NA
854,ASV_854,Bacteria,Firmicutes,Clostridia,Clostridiales,Peptococcaceae,Peptococcus,NA
855,ASV_855,Bacteria,Firmicutes,Bacilli,Lactobacillales,NA,NA,NA
856,ASV_856,Bacteria,Firmicutes,Bacilli,Lactobacillales,Lactobacillaceae,Lactobacillus,NA
857,ASV_857,Bacteria,Firmicutes,Bacilli,Lactobacillales,NA,NA,NA
858,ASV_858,Bacteria,Actinobacteria,Actinobacteria,Corynebacteriales,Corynebacteriaceae,Lawsonella,NA
859,ASV_859,Bacteria,Firmicutes,Bacilli,Lactobacillales,NA,NA,NA
860,ASV_860,Bacteria,Firmicutes,Bacilli,Lactobacillales,NA,NA,NA
861,ASV_861,Bacteria,Firmicutes,Bacilli,Lactobacillales,NA,NA,NA
862,ASV_862,Bacteria,Firmicutes,Bacilli,Lactobacillales,Lactobacillaceae,Lactobacillus,NA
863,ASV_863,Bacteria,Firmicutes,Bacilli,Lactobacillales,Lactobacillaceae,Lactobacillus,NA
864,ASV_864,Bacteria,Firmicutes,Bacilli,Lactobacillales,Lactobacillaceae,Lactobacillus,NA